,Date,Adj Close,daily_return
0,2017-01-03,20.00870513916016,
1,2017-01-04,19.97888565063477,-0.0014903257516164503
2,2017-01-05,19.96610450744629,-0.0006397325362375028
3,2017-01-06,19.872390747070312,-0.0046936426853333435
4,2017-01-09,19.446399688720703,-0.021436326598620825
5,2017-01-10,19.569934844970703,0.006352597819001549
6,2017-01-11,19.425098419189453,-0.007400966172274814
7,2017-01-12,19.20358657836914,-0.011403383192205019
8,2017-01-13,19.190807342529297,-0.0006654608912607385
9,2017-01-16,19.26322364807129,0.0037734892675154175
10,2017-01-17,19.361202239990234,0.0050863029838079665
11,2017-01-18,19.544376373291016,0.009460886314303307
12,2017-01-19,19.69347381591797,0.007628662065201963
13,2017-01-20,20.11520004272461,0.021414516846985476
14,2017-01-23,20.08964157104492,-0.00127060489706321
15,2017-01-24,20.098159790039062,0.0004240105013333384
16,2017-01-25,20.021484375,-0.0038150465435677905
17,2017-01-26,19.8510856628418,-0.008510793154326235
18,2017-01-27,19.706249237060547,-0.007296146328780617
19,2017-01-30,19.471960067749023,-0.011889079778353184
20,2017-01-31,19.301563262939453,-0.008750880970210817
21,2017-02-01,19.3569393157959,0.0028689931536671764
22,2017-02-02,19.369722366333008,0.0006603859385290178
23,2017-02-03,19.41232109069824,0.0021992428987662738
24,2017-02-06,19.12690544128418,-0.014702809008801165
25,2017-02-07,19.033187866210938,-0.004899777194012689
26,2017-02-08,19.19932556152344,0.008728842298007411
27,2017-02-09,19.241924285888672,0.0022187614991331372
28,2017-02-10,19.335641860961918,0.004870488714165289
29,2017-02-13,19.40806007385254,0.00374532241605241
30,2017-02-14,19.569934844970703,0.008340595118841776
31,2017-02-15,19.51881980895996,-0.002611916514575374
32,2017-02-16,19.373979568481445,-0.007420542937336183
33,2017-02-17,19.25470352172852,-0.00615650730565287
34,2017-02-20,19.003368377685547,-0.013053181720473983
35,2017-02-21,19.003368377685547,0.0
36,2017-02-22,19.058752059936523,0.0029144139686314574
37,2017-02-23,19.0715274810791,0.0006703178205162974
38,2017-02-24,18.87983512878418,-0.010051232261553245
39,2017-02-27,18.926692962646484,0.0024818984669450206
40,2017-02-28,19.20358657836914,0.014629793819191272
41,2017-03-01,19.425098419189453,0.01153492030857528
42,2017-03-02,19.433616638183597,0.00043851613054002314
43,2017-03-03,19.45491600036621,0.0010960060898168589
44,2017-03-06,19.51881980895996,0.0032847126449966346
45,2017-03-07,19.420839309692383,-0.005019796290275713
46,2017-03-08,19.35268211364746,-0.003509487667245459
47,2017-03-09,18.5731201171875,-0.04028185818802943
48,2017-03-10,18.37290573120117,-0.01077979277165464
49,2017-03-13,18.61145782470703,0.01298390668280347
50,2017-03-14,18.5305233001709,-0.004348639708851354
51,2017-03-15,18.487926483154297,-0.002298737943153939
52,2017-03-16,18.39420509338379,-0.005069329427283442
53,2017-03-17,18.590160369873047,0.010653098380410064
54,2017-03-20,18.56460189819336,-0.0013748386873040364
55,2017-03-21,18.419767379760746,-0.007801649570880809
56,2017-03-22,18.39420509338379,-0.0013877638001577042
57,2017-03-23,18.411245346069336,0.0009263924480040764
58,2017-03-24,18.49644470214844,0.004627571599728597
59,2017-03-27,18.49644470214844,0.0
60,2017-03-28,18.53904151916504,0.00230297323093942
61,2017-03-29,18.696657180786133,0.008501823649197604
62,2017-03-30,18.734996795654297,0.002050613352827746
63,2017-03-31,18.82871437072754,0.005002273344128838
64,2017-04-03,18.79037475585937,-0.0020362311580748305
65,2017-04-04,18.615720748901367,-0.009294865548306386
66,2017-04-05,18.419767379760746,-0.010526230586703766
67,2017-04-06,18.436805725097656,0.0009250032850920409
68,2017-04-07,17.92136001586914,-0.027957430203153333
69,2017-04-10,18.002296447753906,0.00451619920659474
70,2017-04-11,18.083232879638672,0.004495894849840809
71,2017-04-12,18.11305427551269,0.0016491186101794675
72,2017-04-13,18.053417205810547,-0.003292491083779825
73,2017-04-18,17.295154571533203,-0.042001058615833364
74,2017-04-19,17.503890991210938,0.012069069334673888
75,2017-04-20,17.80634117126465,0.01727902557240424
76,2017-04-21,17.738183975219727,-0.0038276923591080703
77,2017-04-24,18.228071212768555,0.027617665835082184
78,2017-04-25,18.351608276367188,0.006777297617319933
79,2017-04-26,18.30474853515625,-0.0025534405761745704
80,2017-04-27,18.347347259521484,0.00232719527850489
81,2017-04-28,18.42402648925781,0.004179308793347936
82,2017-05-02,18.4453239440918,0.0011559609321234454
83,2017-05-03,18.36864471435547,-0.004157109409883453
84,2017-05-04,18.30474853515625,-0.0034785461961318598
85,2017-05-05,18.517742156982425,0.01163597639252445
86,2017-05-08,18.598682403564453,0.004370956561327244
87,2017-05-09,18.662578582763672,0.003435521818845322
88,2017-05-10,18.76907730102539,0.005706538235829672
89,2017-05-11,18.747777938842773,-0.0011348113623813605
90,2017-05-12,19.38250160217285,0.033855940976077914
91,2017-05-15,19.51881980895996,0.007033055360192941
92,2017-05-16,19.863868713378903,0.017677754484958674
93,2017-05-17,19.804229736328125,-0.0030023847776746715
94,2017-05-18,19.38250160217285,-0.021294851643821944
95,2017-05-19,19.476215362548828,0.004834967245170851
96,2017-05-22,19.50603675842285,0.0015311699587881034
97,2017-05-23,19.480478286743164,-0.0013102852207356186
98,2017-05-24,19.804229736328125,0.016619276222046286
99,2017-05-25,19.68069267272949,-0.006237913074297663
100,2017-05-26,19.69773292541504,0.0008658360236051266
101,2017-05-29,20.14076042175293,0.022491293694325343
102,2017-05-30,19.893686294555664,-0.012267368362637088
103,2017-05-31,19.804229736328125,-0.004496731118758035
104,2017-06-01,19.804229736328125,0.0
105,2017-06-02,19.940547943115234,0.0068832874896949114
106,2017-06-05,19.88090705871582,-0.002990935082102686
107,2017-06-06,19.65087509155273,-0.011570496581655876
108,2017-06-07,19.740331649780277,0.004552293870413893
109,2017-06-08,19.74458885192871,0.00021566011270546248
110,2017-06-09,19.71051406860352,-0.001725778317326787
111,2017-06-12,19.8510856628418,0.007131807610345042
112,2017-06-13,19.846826553344727,-0.00021455297556072228
113,2017-06-14,20.021484375,0.008800289617376666
114,2017-06-15,19.846826553344727,-0.008723520113891325
115,2017-06-16,19.207847595214844,-0.032195522866712345
116,2017-06-19,19.246183395385746,0.00199584050117374
117,2017-06-20,19.25470352172852,0.000442691736212808
118,2017-06-21,19.21953582763672,-0.0018264469277397
119,2017-06-22,19.210742950439453,-0.0004574968550812297
120,2017-06-23,19.351417541503903,0.007322704354920884
121,2017-06-26,19.53165626525879,0.009313980403157451
122,2017-06-27,19.57122039794922,0.0020256414588251115
123,2017-06-28,19.71628761291504,0.007412272306790868
124,2017-06-29,19.412961959838867,-0.015384521621478076
125,2017-06-30,19.474504470825195,0.0031701762520137677
126,2017-07-03,19.663537979125977,0.009706717240686391
127,2017-07-04,19.738269805908203,0.003800528005771797
128,2017-07-05,19.71628761291504,-0.0011136838846221853
129,2017-07-06,19.61517906188965,-0.005128173873826025
130,2017-07-07,18.709592819213867,-0.046167625583150795
131,2017-07-10,18.630464553833008,-0.004229288480270821
132,2017-07-11,18.665632247924805,0.0018876445077458115
133,2017-07-12,18.86785125732422,0.010833761573862288
134,2017-07-13,19.012920379638672,0.007688693340644148
135,2017-07-14,19.136009216308597,0.006473957404341979
136,2017-07-17,19.24591064453125,0.005743173876034069
137,2017-07-18,19.04369163513184,-0.010507115674304068
138,2017-07-19,18.65683937072754,-0.020313932393792533
139,2017-07-20,18.7359676361084,0.00424124707344653
140,2017-07-21,18.45462226867676,-0.015016324371174838
141,2017-07-24,18.23042297363281,-0.012148679706356691
142,2017-07-25,18.089750289916992,-0.007716369714475424
143,2017-07-26,18.20404624938965,0.006318271819172772
144,2017-07-27,18.252405166625977,0.00265649276945501
145,2017-07-28,18.177669525146484,-0.004094564020315716
146,2017-07-31,17.85236358642578,-0.017895910048902786
147,2017-08-01,17.843570709228516,-0.0004925329441504145
148,2017-08-02,17.84796714782715,0.0002463878261966812
149,2017-08-03,17.90511703491211,0.003202039011592328
150,2017-08-04,18.19965171813965,0.016449749122178003
151,2017-08-07,18.06777000427246,-0.007246386684188089
152,2017-08-08,18.0106201171875,-0.0031630847122499084
153,2017-08-09,17.865549087524414,-0.008054749293426311
154,2017-08-10,17.724876403808594,-0.00787396362835846
155,2017-08-11,17.93588638305664,0.0119047362836735
156,2017-08-14,17.940284729003906,0.00024522601522614096
157,2017-08-15,17.94907569885254,0.0004900128387828051
158,2017-08-16,18.14250373840332,0.010776490265910876
159,2017-08-17,18.076560974121094,-0.0036347113514790808
160,2017-08-18,17.922698974609375,-0.008511685366037969
161,2017-08-21,18.063373565673828,0.007848962439404028
162,2017-08-22,18.102935791015625,0.00219019028743217
163,2017-08-23,18.098541259765625,-0.00024275240771620687
164,2017-08-24,17.724876403808594,-0.02064613112150182
165,2017-08-25,17.342422485351562,-0.021577240356657867
166,2017-08-28,17.219331741333008,-0.007097667244730377
167,2017-08-29,16.959964752197266,-0.015062546737116489
168,2017-08-30,17.14459991455078,0.01088652983960925
169,2017-08-31,14.89381980895996,-0.13128215979426638
170,2017-09-01,14.625661849975586,-0.018004646385143763
171,2017-09-04,14.533344268798828,-0.006312027593945224
172,2017-09-05,14.586097717285156,0.0036298217059085314
173,2017-09-06,14.779522895812988,0.013260927101743869
174,2017-09-07,14.871841430664062,0.006246381260198053
175,2017-09-08,14.770731925964355,-0.0067987212727558255
176,2017-09-11,14.93778133392334,0.011309487491634851
177,2017-09-12,14.98174285888672,0.002942975531683878
178,2017-09-13,14.990533828735352,0.0005867788501934257
179,2017-09-14,14.867444038391112,-0.008211167911064576
180,2017-09-15,14.761940002441406,-0.007096312969281704
181,2017-09-18,14.735563278198242,-0.0017868060863817092
182,2017-09-19,14.797107696533203,0.004176590821337589
183,2017-09-20,14.603681564331056,-0.013071887842477814
184,2017-09-21,14.52455234527588,-0.0054184431991756155
185,2017-09-22,14.546533584594728,0.0015133849771278296
186,2017-09-25,14.520155906677246,-0.001813330836799243
187,2017-09-26,15.021306991577148,0.03451416693600673
188,2017-09-27,14.942178726196287,-0.005267735052963851
189,2017-09-28,14.907008171081545,-0.00235377689955496
190,2017-09-29,15.03009796142578,0.00825717601624576
191,2017-10-02,14.93778133392334,-0.00614211748581861
192,2017-10-03,15.342218399047852,0.02707477476631981
193,2017-10-04,15.069661140441896,-0.017765179162282707
194,2017-10-05,15.025702476501465,-0.0029170306837531523
195,2017-10-06,14.955367088317873,-0.004681004984198878
196,2017-10-09,14.805899620056152,-0.009994236007652035
197,2017-10-10,15.078453063964844,0.018408435211831886
198,2017-10-11,15.065266609191896,-0.0008745230506742585
199,2017-10-12,15.016910552978516,-0.0032097710228292664
200,2017-10-13,15.091644287109377,0.004976638428204394
201,2017-10-16,15.21912670135498,0.008447218329582062
202,2017-10-17,15.065266609191896,-0.01010965314779766
203,2017-10-18,15.056473731994627,-0.0005836522794694377
204,2017-10-19,15.570812225341797,0.034160621039321715
205,2017-10-20,15.711487770080566,0.009034566900101515
206,2017-10-23,15.64115047454834,-0.004476806815594481
207,2017-10-24,15.46970272064209,-0.010961326290238937
208,2017-10-25,15.342218399047852,-0.008240903131521038
209,2017-10-26,15.302653312683104,-0.0025788373842470236
210,2017-10-27,15.245505332946776,-0.003734514438026415
211,2017-10-30,15.135602951049805,-0.007208838244243898
212,2017-10-31,15.192752838134766,0.0037758579734015196
213,2017-11-01,15.201544761657717,0.0005786919340176055
214,2017-11-02,15.434535026550291,0.015326749257762007
215,2017-11-03,15.32023811340332,-0.0074052709038762154
216,2017-11-06,15.201544761657717,-0.007747487399804909
217,2017-11-07,15.069661140441896,-0.00867567232696409
218,2017-11-08,15.544435501098633,0.03150531098423981
219,2017-11-09,15.63675308227539,0.005938947166671538
220,2017-11-10,15.39936637878418,-0.015181329668772059
221,2017-11-13,15.008119583129885,-0.025406681419913424
222,2017-11-14,14.792712211608888,-0.014352722226649073
223,2017-11-15,14.709186553955078,-0.005646405909814245
224,2017-11-16,14.68281078338623,-0.0017931495036859202
225,2017-11-17,14.555325508117676,-0.008682620592836754
226,2017-11-20,14.520155906677246,-0.002416270348664873
227,2017-11-21,14.480592727661133,-0.0027247075906340346
228,2017-11-22,14.594888687133787,0.007893044271200633
229,2017-11-23,14.739957809448242,0.009939721050585382
230,2017-11-24,14.735563278198242,-0.00029813730180305864
231,2017-11-27,14.792712211608888,0.0038782998879451913
232,2017-11-28,15.131206512451172,0.022882504303480156
233,2017-11-29,15.632359504699709,0.033120491207105474
234,2017-11-30,15.522455215454102,-0.0070305630581593
235,2017-12-01,15.689504623413086,0.010761790299299578
236,2017-12-04,15.940081596374512,0.015970993283465074
237,2017-12-05,15.78182315826416,-0.009928332998392353
238,2017-12-06,16.014812469482422,0.014763142945006136
239,2017-12-07,15.548832893371582,-0.029096786303230426
240,2017-12-08,15.570812225341797,0.00141356795850478
241,2017-12-11,15.689504623413086,0.007622749305146392
242,2017-12-12,15.74225902557373,0.003362400753043504
243,2017-12-13,15.63675308227539,-0.0067020840609306465
244,2017-12-14,15.403763771057127,-0.0149001080974005
245,2017-12-15,15.04328727722168,-0.0234018451070227
246,2017-12-18,15.179563522338867,0.009058940549751648
247,2017-12-19,15.27627658843994,0.006371267919446089
248,2017-12-20,15.166375160217283,-0.007194254934204447
249,2017-12-21,15.298256874084473,0.00869566475007999
250,2017-12-22,15.421348571777344,0.008046125693012218
251,2017-12-27,15.59279441833496,0.011117435401945208
252,2017-12-28,15.830177307128906,0.015223883700718588
253,2017-12-29,15.860952377319336,0.0019440761523605854
254,2018-01-02,15.93128776550293,0.004434499676335468
255,2018-01-03,15.97964572906494,0.0030354083281780575
256,2018-01-04,16.107131958007812,0.007978038506259999
257,2018-01-05,16.278575897216797,0.010643976820699619
258,2018-01-08,15.773031234741213,-0.031055828572941646
259,2018-01-09,15.671921730041504,-0.006410277339526704
260,2018-01-10,15.452118873596191,-0.014025265071607174
261,2018-01-11,15.372989654541016,-0.005120929996881407
262,2018-01-12,15.64115047454834,0.017443634974938727
263,2018-01-15,15.74225902557373,0.0064642656043694124
264,2018-01-16,15.825785636901855,0.0053058847013274235
265,2018-01-17,15.548832893371582,-0.01750009445878553
266,2018-01-18,16.01921272277832,0.03025177726408379
267,2018-01-19,16.14229965209961,0.007683706524869827
268,2018-01-22,16.234615325927734,0.005718867560243757
269,2018-01-23,16.757747650146484,0.032223265763696496
270,2018-01-24,16.995134353637695,0.014165788174351546
271,2018-01-25,17.017112731933594,0.0012932159192489134
272,2018-01-26,17.056678771972656,0.0023250736280788775
273,2018-01-29,17.030303955078125,-0.0015463043683433542
274,2018-01-30,17.01271629333496,-0.0010327274128257846
275,2018-01-31,16.946773529052734,-0.0038760867544743727
276,2018-02-01,16.77972412109375,-0.009857298657623748
277,2018-02-02,16.428041458129883,-0.020958786951793096
278,2018-02-05,16.239011764526367,-0.01150652645266903
279,2018-02-06,16.03240203857422,-0.012723047987654112
280,2018-02-07,16.190654754638672,0.009870805116020342
281,2018-02-08,16.14229965209961,-0.002986605747071991
282,2018-02-09,16.071962356567383,-0.004357328078907097
283,2018-02-12,16.296159744262695,0.013949596366724881
284,2018-02-13,16.26099395751953,-0.0021579186320596078
285,2018-02-14,16.37968635559082,0.00729920928458383
286,2018-02-15,16.902816772460938,0.03193775543153543
287,2018-02-16,17.170976638793945,0.01586480347878516
288,2018-02-19,17.245708465576172,0.004352217602660247
289,2018-02-20,16.92479705810547,-0.01860818928438157
290,2018-02-21,16.814895629882812,-0.0064935152749747704
291,2018-02-22,16.656639099121094,-0.009411686771369054
292,2018-02-23,16.836875915527344,0.010820719314003746
293,2018-02-26,16.814895629882812,-0.001305484803404644
294,2018-02-27,16.5906982421875,-0.013333260736800412
295,2018-02-28,16.661035537719727,0.004239562103141026
296,2018-03-01,15.658732414245604,-0.06015851302909481
297,2018-03-02,15.293861389160156,-0.023301440719014077
298,2018-03-05,15.368593215942385,0.004886393624254692
299,2018-03-06,15.368593215942385,0.0
300,2018-03-07,15.465307235717772,0.006292965036973186
301,2018-03-08,15.329029083251951,-0.008811861955841382
302,2018-03-09,15.351009368896484,0.0014338994025753227
303,2018-03-12,15.32023811340332,-0.0020045102412296067
304,2018-03-13,15.14439582824707,-0.011477777555063517
305,2018-03-14,14.933385848999023,-0.01393320549998267
306,2018-03-15,14.858652114868164,-0.005004473525732189
307,2018-03-16,14.898216247558594,0.0026626999800904994
308,2018-03-19,14.907008171081545,0.0005901326290917996
309,2018-03-20,14.946573257446287,0.002654126563202297
310,2018-03-21,14.814693450927734,-0.008823414186449163
311,2018-03-22,14.89381980895996,0.005341072921577705
312,2018-03-23,14.73116683959961,-0.010920836390305944
313,2018-03-26,14.54213809967041,-0.012831891864876654
314,2018-03-27,14.65203857421875,0.007557380750691012
315,2018-03-28,14.766334533691406,0.007800686497902554
316,2018-03-29,14.814693450927734,0.0032749439020218762
317,2018-04-03,14.678412437438965,-0.00919904376963232
318,2018-04-04,14.603681564331056,-0.005091209517815387
319,2018-04-05,14.832275390625,0.01565316425772223
320,2018-04-06,14.643247604370115,-0.012744355217026437
321,2018-04-09,14.608076095581056,-0.002401892649726345
322,2018-04-10,14.463007926940918,-0.009930682705303062
323,2018-04-11,14.489383697509766,0.001823671168686536
324,2018-04-12,13.997025489807127,-0.0339806176702504
325,2018-04-13,14.010214805603027,0.0009422941899694948
326,2018-04-16,14.07615566253662,0.004706627118038265
327,2018-04-17,14.16407585144043,0.006246036987059389
328,2018-04-18,14.260788917541504,0.006828053387700539
329,2018-04-19,14.427839279174805,0.011713963554135454
330,2018-04-20,14.476195335388184,0.003351579905882085
331,2018-04-23,14.48498821258545,0.0006074024972411163
332,2018-04-24,14.47179889678955,-0.000910550675107813
333,2018-04-25,14.559720039367676,0.006075343031309632
334,2018-04-26,14.994930267333984,0.02989138711386996
335,2018-04-27,14.84106731414795,-0.010260998246935604
336,2018-04-30,14.97734546661377,0.00918250349393035
337,2018-05-02,14.819086074829102,-0.0105665848556038
338,2018-05-03,14.744355201721191,-0.005042880021787877
339,2018-05-04,14.68281078338623,-0.004174100358608879
340,2018-05-07,14.726771354675291,0.0029940160598407317
341,2018-05-08,14.687206268310549,-0.002686609672403306
342,2018-05-09,14.54213809967041,-0.009877179225918575
343,2018-05-10,14.480592727661133,-0.004232209293258737
344,2018-05-11,14.463007926940918,-0.0012143702299302062
345,2018-05-14,14.33991813659668,-0.008510663270463459
346,2018-05-15,14.348711013793944,0.0006131748531272851
347,2018-05-16,14.33991813659668,-0.0006127991001290134
348,2018-05-17,14.392671585083008,0.0036787830993050274
349,2018-05-18,14.304750442504885,-0.006108743749092982
350,2018-05-21,14.51136302947998,0.014443634497891766
351,2018-05-22,14.56851291656494,0.003938285257481189
352,2018-05-23,14.498175621032717,-0.004828035361951533
353,2018-05-24,14.313542366027832,-0.012734930230603236
354,2018-05-25,14.058571815490724,-0.01781323896048692
355,2018-05-28,13.9354829788208,-0.008755429661375436
356,2018-05-29,13.658530235290527,-0.01987392499787677
357,2018-05-30,13.790411949157717,0.009655629968621238
358,2018-05-31,13.561817169189451,-0.016576356153176985
359,2018-06-01,13.553025245666504,-0.0006482850648452665
360,2018-06-04,13.649738311767578,0.0071359024533652615
361,2018-06-05,13.553025245666504,-0.0070853421429842856
362,2018-06-06,13.34201431274414,-0.01556928649489775
363,2018-06-07,13.315638542175291,-0.0019768956883561284
364,2018-06-08,13.157381057739258,-0.01188508413883238
365,2018-06-11,13.214529037475586,0.004343416025236468
366,2018-06-12,13.627758026123049,0.03127080711507535
367,2018-06-13,13.469500541687012,-0.011612877491123164
368,2018-06-14,13.654133796691896,0.013707505666855191
369,2018-06-15,13.698095321655272,0.00321964949354947
370,2018-06-18,13.539836883544922,-0.011553317041104183
371,2018-06-19,13.38597583770752,-0.01136358193682463
372,2018-06-20,13.429936408996582,0.0032840766950459344
373,2018-06-21,13.244101524353027,-0.013837361472468723
374,2018-06-22,13.275830268859863,0.002395688710819188
375,2018-06-25,13.148918151855469,-0.009559636906633417
376,2018-06-26,12.967616081237791,-0.013788364071008696
377,2018-06-27,12.759119033813477,-0.01607828656540644
378,2018-06-28,12.627676010131836,-0.010301888659655756
379,2018-06-29,12.573285102844238,-0.004307277700501433
380,2018-07-02,12.455438613891602,-0.009372768372680751
381,2018-07-03,12.53249168395996,0.006186299210886093
382,2018-07-04,12.781782150268556,0.01989153255355114
383,2018-07-05,13.003876686096191,0.017375866152042674
384,2018-07-06,13.053735733032228,0.003834167928502996
385,2018-07-09,13.053735733032228,0.0
386,2018-07-10,12.949485778808594,-0.007986216080645203
387,2018-07-11,12.319462776184082,-0.048652356810609754
388,2018-07-12,11.952325820922852,-0.029801377051195566
389,2018-07-13,11.911532402038574,-0.0034130109482848336
390,2018-07-16,12.038444519042969,0.01065455834907314
391,2018-07-17,12.183485984802246,0.0120481899077447
392,2018-07-18,12.07470417022705,-0.00892862803887906
393,2018-07-19,12.178953170776367,0.008633669121796528
394,2018-07-20,12.246941566467283,0.005582449881986307
395,2018-07-23,12.373852729797363,0.010362682196310091
396,2018-07-24,12.446372985839844,0.005860766054524458
397,2018-07-25,12.559686660766602,0.009104152274375332
398,2018-07-26,12.60501194000244,0.003608790606012713
399,2018-07-27,14.11888313293457,0.12010073454415449
400,2018-07-30,13.869593620300291,-0.017656461229059395
401,2018-07-31,13.923982620239258,0.003921455914855265
402,2018-08-01,13.747214317321776,-0.012695240129109275
403,2018-08-02,13.73814868927002,-0.0006594520055116515
404,2018-08-03,14.010102272033691,0.01979550439544142
405,2018-08-06,14.137014389038086,0.009058614601103354
406,2018-08-07,14.050894737243652,-0.006091784971316905
407,2018-08-08,14.141546249389648,0.0064516540648271725
408,2018-08-09,14.082622528076172,-0.004166709939234514
409,2018-08-10,13.996504783630373,-0.006115178069575289
410,2018-08-13,13.810669898986816,-0.013277235103788199
411,2018-08-14,13.67922592163086,-0.009517567092498513
412,2018-08-15,13.59310817718506,-0.006295512987297136
413,2018-08-16,13.747214317321776,0.011337078917342147
414,2018-08-17,13.556846618652344,-0.013847729021694621
415,2018-08-20,13.729084968566896,0.012704897736142806
416,2018-08-21,13.860527992248535,0.009574055662309622
417,2018-08-22,14.096220970153809,0.01700461757568572
418,2018-08-23,14.041829109191896,-0.0038586129627988797
419,2018-08-24,14.100753784179688,0.0041963674767426795
420,2018-08-27,14.250327110290527,0.010607470238835903
421,2018-08-28,14.304717063903809,0.003816751236117577
422,2018-08-29,14.146078109741213,-0.011089974967970706
423,2018-08-30,14.155142784118652,0.0006407906351935111
424,2018-08-31,13.973841667175291,-0.012808144694009815
425,2018-09-03,14.037297248840332,0.004541026238625401
426,2018-09-04,13.910386085510254,-0.009040997072321977
427,2018-09-05,13.69735622406006,-0.015314446352577948
428,2018-09-06,13.765345573425291,0.00496368410465986
429,2018-09-07,14.15061092376709,0.027988062361875787
430,2018-09-10,14.640125274658203,0.03459316021960124
431,2018-09-11,14.481488227844238,-0.010835771131587402
432,2018-09-12,14.767037391662598,0.01971821951761288
433,2018-09-13,14.66278839111328,-0.007059574495841492
434,2018-09-14,14.640125274658203,-0.0015456211909060658
435,2018-09-17,14.79876708984375,0.010836096837241849
436,2018-09-18,15.038990020751951,0.016232631370559414
437,2018-09-19,15.252020835876465,0.014165234156719109
438,2018-09-20,15.120576858520508,-0.008618135181586495
439,2018-09-21,15.038990020751951,-0.005395749020156049
440,2018-09-24,14.916610717773438,-0.008137468194981512
441,2018-09-25,14.81689453125,-0.006684909086259405
442,2018-09-26,14.898481369018556,0.005506338564837732
443,2018-09-27,14.980067253112791,0.005476120825569142
444,2018-09-28,14.957404136657717,-0.001512884827026717
445,2018-10-01,15.011795043945312,0.0036363868215805173
446,2018-10-02,14.934741973876951,-0.005132835203438213
447,2018-10-03,15.02086067199707,0.00576633317607711
448,2018-10-04,14.70358180999756,-0.021122548762535498
449,2018-10-05,14.218600273132324,-0.032983904407256626
450,2018-10-08,14.173274040222168,-0.0031878125862927487
451,2018-10-09,13.896787643432615,-0.019507588437570278
452,2018-10-10,14.168742179870604,0.019569597191514188
453,2018-10-11,14.209534645080566,0.002879046332561197
454,2018-10-12,14.49961757659912,0.02041466795107061
455,2018-10-15,14.404434204101562,-0.006564543650528609
456,2018-10-16,14.09168815612793,-0.021711789824037653
457,2018-10-17,14.11888313293457,0.0019298593969250266
458,2018-10-18,15.437854766845703,0.0934189780801018
459,2018-10-19,15.519441604614258,0.005284855894859941
460,2018-10-22,15.297346115112305,-0.014310791274598444
461,2018-10-23,15.378931045532228,0.005333273484563916
462,2018-10-24,15.320009231567385,-0.003831333516640001
463,2018-10-25,15.283748626708984,-0.0023668787864490337
464,2018-10-26,15.088849067687988,-0.01275207828794045
465,2018-10-29,15.501309394836426,0.0273354399197816
466,2018-10-30,15.555700302124023,0.0035087943800229393
467,2018-10-31,15.546635627746582,-0.0005827236447981665
468,2018-11-01,15.659948348999023,0.007288568663062378
469,2018-11-02,15.795924186706545,0.008683032324063422
470,2018-11-05,15.804990768432615,0.0005739823525932053
471,2018-11-06,15.6327543258667,-0.01089759842884086
472,2018-11-07,15.877511024475098,0.015656658673603774
473,2018-11-08,16.15852928161621,0.017699137900639705
474,2018-11-09,15.931901931762695,-0.014025246104009792
475,2018-11-12,15.804990768432615,-0.007965851401398827
476,2018-11-13,15.89111042022705,0.005448889724531947
477,2018-11-14,15.77326202392578,-0.007415995055403246
478,2018-11-15,15.868446350097656,0.006034536548463754
479,2018-11-16,15.859383583068848,-0.0005711187364446646
480,2018-11-19,15.732470512390137,-0.008002396184817684
481,2018-11-20,15.605557441711426,-0.00806695112371325
482,2018-11-21,15.646352767944336,0.0026141537324306796
483,2018-11-22,15.347203254699709,-0.01911944065696347
484,2018-11-23,15.09791374206543,-0.01624331863578732
485,2018-11-26,14.934741973876951,-0.010807570567438973
486,2018-11-27,15.06618595123291,0.008801221848082408
487,2018-11-28,15.18403148651123,0.00782185588706863
488,2018-11-29,14.880351066589355,-0.01999998618230281
489,2018-11-30,14.413497924804688,-0.03137379889059788
490,2018-12-03,13.579510688781738,-0.057861543420886896
491,2018-12-04,13.869593620300291,0.021361810316051777
492,2018-12-05,13.516053199768066,-0.0254903229475133
493,2018-12-06,13.049201965332031,-0.03454049991783448
494,2018-12-07,13.216906547546388,0.012851711749109151
495,2018-12-10,13.298491477966309,0.006172770468371391
496,2018-12-11,13.466196060180664,0.012610797434597698
497,2018-12-12,13.729084968566896,0.019522135814106445
498,2018-12-13,13.806138038635254,0.005612396619641524
499,2018-12-14,13.52965259552002,-0.020026269644814132
500,2018-12-17,13.244101524353027,-0.021105573047865644
501,2018-12-18,13.275830268859863,0.002395688710819188
502,2018-12-19,13.516053199768066,0.01809475761916568
503,2018-12-20,13.461664199829102,-0.004024029732281442
504,2018-12-21,13.443532943725586,-0.0013468807299282792
505,2018-12-24,13.153450965881348,-0.021577808382552188
506,2018-12-27,13.148918151855469,-0.0003446102500124226
507,2018-12-28,13.439000129699709,0.02206128097339377
508,2018-12-31,13.516053199768066,0.0057335418799553395
509,2019-01-02,13.307557106018066,-0.015425811860046323
510,2019-01-03,13.565913200378418,0.019414239014876378
511,2019-01-04,13.715486526489258,0.011025673237144762
512,2019-01-07,13.855995178222656,0.0102445255195307
513,2019-01-08,14.232196807861328,0.027150819901405887
514,2019-01-09,14.368173599243164,0.00955416744284543
515,2019-01-10,14.331913948059082,-0.0025236089286944097
516,2019-01-11,14.250327110290527,-0.005692668687813596
517,2019-01-14,14.526811599731444,0.019401974937210964
518,2019-01-15,14.422562599182127,-0.007176316690941542
519,2019-01-16,14.522281646728516,0.006914100518589095
520,2019-01-17,14.522281646728516,0.0
521,2019-01-18,15.061654090881348,0.03714102627078142
522,2019-01-21,14.87128734588623,-0.012639165914079098
523,2019-01-22,14.807828903198242,-0.004267178840138719
524,2019-01-23,15.832185745239258,0.06917670704716006
525,2019-01-24,15.610092163085938,-0.014027979820796621
526,2019-01-25,15.8231201171875,0.013646809504771706
527,2019-01-28,15.664483070373535,-0.010025648901043849
528,2019-01-29,15.76419734954834,0.006365628455585304
529,2019-01-30,15.650883674621582,-0.00718803960735781
530,2019-01-31,15.669014930725098,0.001158481302427461
531,2019-02-01,15.75059986114502,0.005206768311895926
532,2019-02-04,15.61915683746338,-0.008345270963672546
533,2019-02-05,16.008953094482422,0.02495629316456416
534,2019-02-06,16.38515853881836,0.023499690586612942
535,2019-02-07,15.854846954345703,-0.032365361813026516
536,2019-02-08,15.85031509399414,-0.0002858343801496188
537,2019-02-11,15.868446350097656,0.0011439050893307101
538,2019-02-12,16.126802444458008,0.016281120952887917
539,2019-02-13,16.24917984008789,0.00758844762012556
540,2019-02-14,16.095073699951172,-0.00948393344484555
541,2019-02-15,16.43954849243164,0.021402498609342402
542,2019-02-18,16.303571701049805,-0.008271321529568554
543,2019-02-19,16.3806209564209,0.004725912627239426
544,2019-02-20,16.226518630981445,-0.009407599739315597
545,2019-02-21,16.108673095703125,-0.007262527345410774
546,2019-02-22,16.27184295654297,0.010129317285814787
547,2019-02-25,16.131332397460938,-0.008635196360811226
548,2019-02-26,16.095073699951172,-0.0022477187014925404
549,2019-02-27,15.913772583007812,-0.011264385632723695
550,2019-02-28,16.317167282104492,0.025348778675360117
551,2019-03-01,16.05428123474121,-0.016111010129288506
552,2019-03-04,15.746068000793455,-0.019198195761065073
553,2019-03-05,15.72793674468994,-0.0011514783311364907
554,2019-03-06,15.818588256835938,0.005763725631501071
555,2019-03-07,15.845784187316896,0.0017192387866349357
556,2019-03-08,15.514907836914062,-0.02088103349707804
557,2019-03-11,15.67807960510254,0.01051709555117375
558,2019-03-12,15.637286186218262,-0.002601939772713169
559,2019-03-13,15.533039093017578,-0.006666571933214405
560,2019-03-14,15.542102813720703,0.0005835123860082891
561,2019-03-15,15.342671394348145,-0.012831688334766334
562,2019-03-18,15.383463859558104,0.0026587589710738158
563,2019-03-19,15.451452255249023,0.004419576521361712
564,2019-03-20,15.446919441223145,-0.0002933584462482264
565,2019-03-21,15.415190696716309,-0.0020540499759558184
566,2019-03-22,15.320009231567385,-0.006174524014756377
567,2019-03-25,14.916610717773438,-0.026331479811561143
568,2019-03-26,14.980067253112791,0.00425408536429428
569,2019-03-27,15.152302742004396,0.011497644568706056
570,2019-03-28,14.753439903259276,-0.02632357903194571
571,2019-03-29,15.09338092803955,0.02304147554802971
572,2019-04-01,15.202162742614746,0.007207252973593592
573,2019-04-02,15.084315299987791,-0.007752018224130963
574,2019-04-03,15.179499626159668,0.006310152252781087
575,2019-04-04,15.279214859008787,0.006569072453302294
576,2019-04-05,15.17043399810791,-0.007119532116320659
577,2019-04-08,15.179499626159668,0.0005975852802160286
578,2019-04-09,14.853156089782717,-0.02149896534234541
579,2019-04-10,14.69904899597168,-0.010375376982474815
580,2019-04-11,14.903014183044434,0.013876080495319965
581,2019-04-12,15.211226463317873,0.02068120425088904
582,2019-04-15,15.288280487060549,0.00506560229896591
583,2019-04-16,15.410659790039062,0.008004778763843978
584,2019-04-17,15.197628021240234,-0.0138236630813513
585,2019-04-18,15.152302742004396,-0.002982391671416895
586,2019-04-23,15.116043090820312,-0.002393012587028509
587,2019-04-24,15.188563346862791,0.00479756875570958
588,2019-04-25,15.72793674468994,0.03551181145375115
589,2019-04-26,15.659948348999023,-0.0043227790647027975
590,2019-04-29,15.578363418579102,-0.005209782855071565
591,2019-04-30,15.746068000793455,0.010765224671440476
592,2019-05-02,15.70527458190918,-0.0025907051133159387
593,2019-05-03,15.56023406982422,-0.0092351465317283
594,2019-05-06,15.514907836914062,-0.0029129531539668907
595,2019-05-07,15.936433792114258,0.02716909179423377
596,2019-05-08,15.968162536621094,0.0019909563783671036
597,2019-05-09,15.863913536071776,-0.0065285533204109125
598,2019-05-10,15.89111042022705,0.0017143868121465289
599,2019-05-13,15.696209907531738,-0.012264751017476594
600,2019-05-14,15.859383583068848,0.01039573734668342
601,2019-05-15,15.959097862243652,0.006287399422084672
602,2019-05-16,15.9092378616333,-0.00312423678585938
603,2019-05-17,15.72793674468994,-0.011395964943147097
604,2019-05-20,15.46505069732666,-0.016714592106433446
605,2019-05-21,15.519441604614258,0.0035170209495012372
606,2019-05-22,15.46505069732666,-0.0035046948642422082
607,2019-05-23,15.283748626708984,-0.011723341498584006
608,2019-05-24,15.120576858520508,-0.010676161468877288
609,2019-05-27,15.202162742614746,0.005395685948863971
610,2019-05-28,15.315476417541504,0.007453786467442436
611,2019-05-29,15.256551742553713,-0.003847394190121478
612,2019-05-30,15.292813301086426,0.0023767859962466886
613,2019-05-31,15.265616416931152,-0.0017784094803107164
614,2019-06-03,15.338138580322266,0.004750686864545939
615,2019-06-04,15.433320999145508,0.006205604306206647
616,2019-06-05,15.320009231567385,-0.007342021045528502
617,2019-06-06,14.971001625061035,-0.022781161631887814
618,2019-06-07,15.211226463317873,0.01604600976428383
619,2019-06-10,15.401594161987305,0.01251494737314629
620,2019-06-11,15.55116844177246,0.00971161025358791
621,2019-06-12,15.610092163085938,0.003789022126157615
622,2019-06-13,15.637286186218262,0.00174207960133832
623,2019-06-14,15.5103759765625,-0.00811587177880091
624,2019-06-17,15.591960906982422,0.00526002274498083
625,2019-06-18,15.650883674621582,0.003779047933141877
626,2019-06-19,15.596492767333984,-0.0034752611046361404
627,2019-06-20,15.638407707214355,0.00268745932214709
628,2019-06-21,15.834004402160645,0.01250745591292235
629,2019-06-24,15.866602897644045,0.0020587650890733222
630,2019-06-25,15.312413215637209,-0.03492806151272143
631,2019-06-26,15.531294822692873,0.014294390046380112
632,2019-06-27,15.754834175109863,0.014392834272283217
633,2019-06-28,15.815375328063965,0.003842703279590687
634,2019-07-01,15.852632522583008,0.0023557578461594897
635,2019-07-02,16.173967361450195,0.020270124751168517
636,2019-07-03,16.020286560058594,-0.00950173806816823
637,2019-07-04,15.964401245117188,-0.0034884091949227702
638,2019-07-05,16.248483657836914,0.017794742712734957
639,2019-07-08,16.33696746826172,0.005445665717989989
640,2019-07-09,16.29970932006836,-0.002280603683991078
641,2019-07-10,16.583791732788086,0.017428679686328108
642,2019-07-11,16.532562255859375,-0.003089129298906035
643,2019-07-12,16.700218200683594,0.010140953484980786
644,2019-07-15,16.67227554321289,-0.0016731911604340732
645,2019-07-16,16.76541519165039,0.005586498867301559
646,2019-07-17,16.56050682067871,-0.012222087471697618
647,2019-07-18,16.532562255859375,-0.0016874220772302717
648,2019-07-19,16.555849075317383,0.0014085426746088814
649,2019-07-22,16.52324867248535,-0.001969116937689086
650,2019-07-23,16.625703811645508,0.006200665570734065
651,2019-07-24,16.43010711669922,-0.011764716679800502
652,2019-07-25,16.78404426574707,0.021541986703672578
653,2019-07-26,16.695560455322266,-0.005271900444482447
654,2019-07-29,16.756101608276367,0.00362618272780435
655,2019-07-30,16.27176856994629,-0.02890487594625535
656,2019-07-31,16.211227416992188,-0.0037206252469642598
657,2019-08-01,16.159997940063477,-0.003160123265867787
658,2019-08-02,15.885231018066406,-0.01700290575631047
659,2019-08-05,15.247215270996094,-0.04016408362866686
660,2019-08-06,15.009703636169434,-0.015577377941168424
661,2019-08-07,14.837393760681152,-0.011479898581945314
662,2019-08-08,14.851364135742188,0.0009415652968687294
663,2019-08-09,14.651110649108888,-0.013483844635615472
664,2019-08-12,14.623167991638184,-0.0019072040434289228
665,2019-08-13,14.516056060791016,-0.007324810253729996
666,2019-08-14,14.329773902893066,-0.012832835387093344
667,2019-08-15,14.101577758789062,-0.015924615813926568
668,2019-08-16,14.376344680786133,0.01948483543451851
669,2019-08-19,14.497427940368652,0.008422395419076523
670,2019-08-20,14.399629592895508,-0.006745910231484631
671,2019-08-21,14.548654556274414,0.010349222000295866
672,2019-08-22,14.56728458404541,0.0012805326911113912
673,2019-08-23,14.334430694580078,-0.015984714798553568
674,2019-08-26,14.399629592895508,0.004548412120760625
675,2019-08-27,14.339088439941406,-0.0042043548803485375
676,2019-08-28,14.287859916687012,-0.003572648531248168
677,2019-08-29,14.343745231628418,0.003911384578745514
678,2019-08-30,14.436885833740234,0.00649346461525524
679,2019-09-02,14.53468418121338,0.006774199685404714
680,2019-09-03,14.492772102355955,-0.0028835906122816057
681,2019-09-04,14.627824783325195,0.009318623105050161
682,2019-09-05,14.967790603637695,0.02324103722516835
683,2019-09-06,15.051617622375488,0.00560049381753247
684,2019-09-09,15.34967041015625,0.019802043558273752
685,2019-09-10,15.731548309326172,0.0248785732179142
686,2019-09-11,15.684976577758787,-0.0029604035567036835
687,2019-09-12,15.7362060546875,0.003266149405753982
688,2019-09-13,15.973715782165527,0.015093201414154045
689,2019-09-16,15.717577934265137,-0.016034957137923134
690,2019-09-17,15.391583442687988,-0.02074075871871217
691,2019-09-18,15.396241188049316,0.0003026163863304454
692,2019-09-19,15.508009910583496,0.007259481140171831
693,2019-09-20,15.503353118896484,-0.00030028299658446667
694,2019-09-23,15.205302238464355,-0.019224930126170325
695,2019-09-24,14.939849853515623,-0.017457882834924887
696,2019-09-25,14.93519115447998,-0.0003118303785728527
697,2019-09-26,15.009703636169434,0.0049890544365147615
698,2019-09-27,15.102845191955566,0.006205422708126296
699,2019-09-30,14.958476066589355,-0.009559068078318633
700,2019-10-01,14.767537117004396,-0.012764599063097903
701,2019-10-02,14.408944129943848,-0.024282518081342075
702,2019-10-03,14.064321517944336,-0.023917270335120255
703,2019-10-04,14.20403289794922,0.009933744747418594
704,2019-10-07,14.110892295837402,-0.006557335003445797
705,2019-10-08,13.924609184265137,-0.01320137009529987
706,2019-10-09,13.915295600891112,-0.0006688577934775841
707,2019-10-10,14.02240753173828,0.007697424037496514
708,2019-10-11,14.19471836090088,0.012288248560212933
709,2019-10-14,14.21334743499756,0.0013123947670559133
710,2019-10-15,14.460169792175291,0.017365533228997032
711,2019-10-16,14.492772102355955,0.00225462844829849
712,2019-10-17,14.446200370788574,-0.0032134453808053687
713,2019-10-18,14.301831245422363,-0.009993570742528046
714,2019-10-21,14.376344680786133,0.005210062549690475
715,2019-10-22,14.525370597839355,0.010366050645154168
716,2019-10-23,14.711652755737305,0.012824606204929312
717,2019-10-24,14.609198570251465,-0.006964151967622012
718,2019-10-25,14.655767440795898,0.003187640329515462
719,2019-10-28,14.497427940368652,-0.01080390372369655
720,2019-10-29,14.5765962600708,0.005460852782147807
721,2019-10-30,14.357715606689451,-0.01501589599356068
722,2019-10-31,14.208690643310549,-0.01037943412874609
723,2019-11-01,14.171433448791504,-0.0026221412974871683
724,2019-11-04,14.381001472473145,0.014788061097623872
725,2019-11-05,14.772193908691406,0.027202030190112136
726,2019-11-06,14.609198570251465,-0.0110339289781487
727,2019-11-07,14.548654556274414,-0.004144239239812664
728,2019-11-08,14.4834566116333,-0.00448137278872951
729,2019-11-11,14.30648708343506,-0.012218735688833804
730,2019-11-12,14.339088439941406,0.00227878138890536
731,2019-11-13,14.176091194152832,-0.011367336666572636
732,2019-11-14,14.208690643310549,0.0022996077487962285
733,2019-11-15,14.357715606689451,0.010488296713607737
734,2019-11-18,14.27388858795166,-0.005838464908633156
735,2019-11-19,14.21334743499756,-0.0042413917259520595
736,2019-11-20,14.278545379638672,0.004587092867410991
737,2019-11-21,14.390315055847168,0.00782780551076856
738,2019-11-22,14.381001472473145,-0.0006472119156445411
739,2019-11-25,14.502083778381348,0.008419601801722187
740,2019-11-26,14.241289138793944,-0.017983252860266696
741,2019-11-27,14.20403289794922,-0.0026160722166109762
742,2019-11-28,14.087606430053713,-0.008196719110128092
743,2019-11-29,13.95255184173584,-0.009586766140041725
744,2019-12-02,13.766268730163574,-0.013351185767684681
745,2019-12-03,13.756956100463867,-0.0006764817600357631
746,2019-12-04,13.668471336364746,-0.006432001632696749
747,2019-12-05,13.617242813110352,-0.003747933619914212
748,2019-12-06,14.02706527709961,0.03009584756722483
749,2019-12-09,13.989809036254885,-0.002656025341633561
750,2019-12-10,13.971179962158203,-0.0013316174687162396
751,2019-12-11,13.93392276763916,-0.0026667178162442795
752,2019-12-12,13.770926475524902,-0.011697803614414193
753,2019-12-13,13.892009735107422,0.008792673448494659
754,2019-12-16,14.07363510131836,0.013074088607348155
755,2019-12-17,13.985152244567873,-0.006287135918579989
756,2019-12-18,13.99912166595459,0.0009988751743581492
757,2019-12-19,14.036377906799316,0.0026613270270614553
758,2019-12-20,14.092263221740724,0.003981462690195725
759,2019-12-23,14.0829496383667,-0.0006609004691068288
760,2019-12-24,14.064321517944336,-0.0013227428131684649
761,2019-12-25,14.064321517944336,0.0
762,2019-12-27,14.199376106262209,0.009602638004653219
763,2019-12-30,14.092263221740724,-0.007543492314021183
764,2019-12-31,13.924609184265137,-0.011896885180014305
765,2020-01-02,13.943238258361816,0.001337852563771058
766,2020-01-03,13.99912166595459,0.004007921729319852
767,2020-01-06,13.99912166595459,0.0
768,2020-01-07,14.110892295837402,0.007984117328920348
769,2020-01-08,14.129520416259766,0.001320123492676517
770,2020-01-09,14.143491744995115,0.000988804171957014
771,2020-01-10,13.985152244567873,-0.011195219913305632
772,2020-01-13,14.01775074005127,0.0023309360465531004
773,2020-01-14,14.064321517944336,0.003322271793577025
774,2020-01-15,13.994465827941896,-0.004966872373709075
775,2020-01-16,13.817497253417969,-0.012645611250883593
776,2020-01-17,13.738327026367188,-0.005729708180777671
777,2020-01-20,13.738327026367188,0.0
778,2020-01-21,13.7429838180542,0.0003389635199448904
779,2020-01-22,13.463560104370115,-0.020332099446774055
780,2020-01-23,13.617242813110352,0.011414715539491915
781,2020-01-24,14.241289138793944,0.04582765646822251
782,2020-01-27,14.176091194152832,-0.004578092896345254
783,2020-01-28,14.599883079528809,0.02989483346091748
784,2020-01-29,14.497427940368652,-0.0070175314830989155
785,2020-01-30,14.488114356994627,-0.0006424300512017922
786,2020-01-31,14.255261421203612,-0.016071997366489454
787,2020-02-03,14.185404777526855,-0.004900411266597349
788,2020-02-04,14.390315055847168,0.014445148484232284
789,2020-02-05,14.492772102355955,0.007119861247732562
790,2020-02-06,14.632482528686523,0.00964000712519697
791,2020-02-07,14.460169792175291,-0.011776042525485253
792,2020-02-10,14.357715606689451,-0.007085268496728192
793,2020-02-11,14.47414207458496,0.008108982729903236
794,2020-02-12,14.627824783325195,0.01061774217416911
795,2020-02-13,14.618510246276855,-0.0006367684318284716
796,2020-02-14,14.767537117004396,0.010194395202855588
797,2020-02-17,14.683711051940918,-0.005676374089959468
798,2020-02-18,15.200643539428713,0.035204485137254604
799,2020-02-19,14.967790603637695,-0.0153186235297883
800,2020-02-20,15.01901912689209,0.003422584174977983
801,2020-02-21,15.023674964904783,0.0003099961437800225
802,2020-02-24,14.641797065734863,-0.025418407950250854
803,2020-02-25,14.748909950256348,0.007315555873407931
804,2020-02-26,14.977105140686035,0.015472003775148124
805,2020-02-27,14.972448348999023,-0.00031092735500404256
806,2020-02-28,14.571941375732422,-0.02674959792353382
807,2020-03-02,15.172701835632324,0.041227208126185966
808,2020-03-03,15.209959030151367,0.0024555412030535795
809,2020-03-04,15.731548309326172,0.034292615656678294
810,2020-03-05,15.414867401123049,-0.02013030770883406
811,2020-03-06,14.53468418121338,-0.057099629663083684
812,2020-03-09,13.593957901000977,-0.06472285661551058
813,2020-03-10,13.025795936584473,-0.04179518345975364
814,2020-03-11,13.156194686889648,0.010010808624671963
815,2020-03-12,11.479653358459473,-0.12743360586635855
816,2020-03-13,12.136298179626465,0.05720075342545994
817,2020-03-16,11.987272262573242,-0.01227935527353774
818,2020-03-17,13.375076293945312,0.11577313011443668
819,2020-03-18,13.42630386352539,0.0038300768125911766
820,2020-03-19,13.454246520996094,0.0020811876265227625
821,2020-03-20,12.77431583404541,-0.05053651171692253
822,2020-03-23,12.615975379943848,-0.012395219920863565
823,2020-03-24,13.258649826049805,0.050941320567860604
824,2020-03-25,13.016483306884766,-0.01826479485786292
825,2020-03-26,13.7429838180542,0.055813885674110386
826,2020-03-27,13.267963409423828,-0.03456457599886975
827,2020-03-30,13.235363960266112,-0.00245700475285926
828,2020-03-31,13.42630386352539,0.014426494339898843
829,2020-04-01,13.263306617736816,-0.012140142770891815
830,2020-04-02,13.24933624267578,-0.001053310118183881
831,2020-04-03,14.055006980895996,0.0608083849231007
832,2020-04-06,14.134177207946776,0.0056328842211454955
833,2020-04-07,13.649843215942385,-0.034266868518676885
834,2020-04-08,13.682442665100098,0.0023882654651767865
835,2020-04-09,13.24467945098877,-0.03199452209128817
836,2020-04-14,13.505473136901855,0.019690449049985626
837,2020-04-15,13.132909774780272,-0.027586102193162376
838,2020-04-16,12.96059799194336,-0.013120609658631044
839,2020-04-17,13.035110473632812,0.005749154609669294
840,2020-04-20,13.146880149841309,0.008574509317322843
841,2020-04-21,12.685832023620604,-0.03506901416654884
842,2020-04-22,12.844171524047852,0.012481601532514874
843,2020-04-23,12.466949462890623,-0.02936912360995525
844,2020-04-24,12.406407356262209,-0.0048562085543560896
845,2020-04-27,12.355179786682127,-0.004129122001964913
846,2020-04-28,12.476263999938965,0.009800279344162721
847,2020-04-29,12.941970825195312,0.03732742632398822
848,2020-04-30,12.56940460205078,-0.028787441122894886
849,2020-05-04,12.23409652709961,-0.02667652809079457
850,2020-05-05,12.373808860778809,0.01141991428379896
851,2020-05-06,12.033843040466309,-0.027474630013890722
852,2020-05-07,12.401750564575195,0.03057273747644218
853,2020-05-08,12.383121490478516,-0.0015021326223002562
854,2020-05-11,12.350522994995115,-0.002632494198531843
855,2020-05-12,12.294638633728027,-0.004524857877656996
856,2020-05-13,12.001243591308594,-0.02386365725419204
857,2020-05-14,11.922073364257812,-0.006596835273647517
858,2020-05-15,11.884817123413086,-0.0031249800019198526
859,2020-05-18,11.894131660461426,0.0007837341501863992
860,2020-05-19,11.610051155090332,-0.023884089522519414
861,2020-05-20,11.65196418762207,0.003610064415035863
862,2020-05-21,11.931388854980469,0.02398090681185172
863,2020-05-22,12.29929542541504,0.03083518397617202
864,2020-05-25,12.271352767944336,-0.0022718909095365003
865,2020-05-26,12.099041938781738,-0.014041714260934146
866,2020-05-27,12.504206657409668,0.033487338970966896
867,2020-05-28,12.434350967407228,-0.00558657513558003
868,2020-05-29,12.71843147277832,0.022846428101934713
869,2020-06-01,12.965254783630373,0.019406741419359497
870,2020-06-02,12.96059799194336,-0.00035917471462987294
871,2020-06-03,13.496159553527832,0.041322287900403376
872,2020-06-04,13.533416748046877,0.0027605775088295204
873,2020-06-05,13.845438957214355,0.023055686156454813
874,2020-06-08,13.80286693572998,-0.00307480475093147
875,2020-06-09,13.67514991760254,-0.009252934098555432
876,2020-06-10,13.67514991760254,0.0
877,2020-06-11,13.216317176818848,-0.033552300599870355
878,2020-06-12,13.28253936767578,0.0050106387408046515
879,2020-06-15,13.13117218017578,-0.01139595248393277
880,2020-06-16,13.433907508850098,0.023054707113761008
881,2020-06-17,13.504860877990724,0.005281662769665685
882,2020-06-18,13.178474426269531,-0.02416807212380212
883,2020-06-19,13.344032287597656,0.012562748613611063
884,2020-06-22,13.741374015808104,0.029776736120441516
885,2020-06-23,14.020458221435549,0.020309774357818
886,2020-06-24,13.537973403930664,-0.03441291360700505
887,2020-06-25,13.504860877990724,-0.002445899762982706
888,2020-06-26,13.192665100097656,-0.023117289449598344
889,2020-06-29,13.145362854003906,-0.0035854958596197584
890,2020-06-30,13.01291561126709,-0.010075586669444747
891,2020-07-01,12.752751350402832,-0.019992772460538877
892,2020-07-02,13.10752010345459,0.02781899711708502
893,2020-07-03,12.828435897827148,-0.021291915131519512
894,2020-07-06,12.847356796264648,0.001474918578398432
895,2020-07-07,12.927770614624023,0.006259172188846973
896,2020-07-08,12.809514999389648,-0.00914740977076145
897,2020-07-09,12.525699615478516,-0.02215660654791818
898,2020-07-10,12.743291854858398,0.01737166354452535
899,2020-07-13,12.923040390014648,0.014105345557766658
900,2020-07-14,13.306191444396973,0.029648677309588534
901,2020-07-15,13.20685577392578,-0.007465372107886004
902,2020-07-16,13.258889198303224,0.003939879806984292
903,2020-07-17,13.064948081970217,-0.014627252210375752
904,2020-07-20,13.088600158691406,0.0018103460168992225
905,2020-07-21,13.036566734313965,-0.0039754766549949805
906,2020-07-22,12.93723201751709,-0.007619699175505534
907,2020-07-23,12.738560676574709,-0.015356557003335713
908,2020-07-24,12.818975448608398,0.0063127047140865145
909,2020-07-27,12.412174224853516,-0.03173430087184104
910,2020-07-28,12.885199546813965,0.03810978748697291
911,2020-07-29,12.998724937438965,0.008810526388244533
912,2020-07-30,12.577733039855955,-0.03238716871148395
913,2020-07-31,12.771673202514648,0.01541932572778748
914,2020-08-03,12.724370002746582,-0.0037037590155964972
915,2020-08-04,12.823705673217772,0.007806726026494681
916,2020-08-05,12.941962242126465,0.009221715775625805
917,2020-08-06,12.809514999389648,-0.01023393827449881
918,2020-08-07,12.667608261108398,-0.011078228823496516
919,2020-08-10,12.672338485717772,0.0003734110269177915
920,2020-08-11,12.88992977142334,0.01717057084221696
921,2020-08-12,13.268348693847656,0.029357717934449967
922,2020-08-13,13.10752010345459,-0.01212122126905213
923,2020-08-14,13.008185386657717,-0.007578452370307076
924,2020-08-17,12.941962242126465,-0.005090882591447077
925,2020-08-18,12.766942024230955,-0.01352346843709784
926,2020-08-19,12.748022079467772,-0.001481948044196879
927,2020-08-20,12.4500150680542,-0.023376725389701702
928,2020-08-21,12.511509895324709,0.004939337577855696
929,2020-08-24,12.700719833374023,0.015122870031859081
930,2020-08-25,12.705450057983398,0.00037243752097770866
931,2020-08-26,12.748022079467772,0.003350689766209669
932,2020-08-27,12.719639778137209,-0.0022264082344409797
933,2020-08-28,12.719639778137209,0.0
934,2020-08-31,12.733830451965332,0.0011156506061213989
935,2020-09-01,12.710180282592772,-0.0018572706352399937
936,2020-09-02,12.818975448608398,0.008559687085212042
937,2020-09-03,13.150092124938965,0.025830198182219988
938,2020-09-04,13.54270362854004,0.029856178943149292
939,2020-09-07,13.509592056274414,-0.002444975034072705
940,2020-09-08,13.594736099243164,0.006302488085064395
941,2020-09-09,13.963696479797363,0.027139944303496977
942,2020-09-10,13.944774627685549,-0.0013550747210232528
943,2020-09-11,13.817056655883787,-0.009158840871346441
944,2020-09-14,13.74610424041748,-0.005135132411582921
945,2020-09-15,13.306191444396973,-0.032002725159542944
946,2020-09-16,13.348762512207031,0.0031993428012779823
947,2020-09-17,13.083868980407717,-0.019844051578345012
948,2020-09-18,12.705450057983398,-0.028922555170108888
949,2020-09-21,12.620305061340332,-0.006701454592674239
950,2020-09-22,12.904120445251465,0.02248878949689903
951,2020-09-23,13.00345516204834,0.007697906821183542
952,2020-09-24,13.017645835876465,0.0010913002468406763
953,2020-09-25,12.956151962280272,-0.004723885898533009
954,2020-09-28,13.221047401428224,0.020445533513280267
955,2020-09-29,12.975072860717772,-0.018604769595174542
956,2020-09-30,12.927770614624023,-0.0036456246991072305
957,2020-10-01,12.965612411499023,0.002927171126643646
958,2020-10-02,12.762211799621582,-0.015687697998518657
959,2020-10-05,12.790595054626465,0.0022240075192705433
960,2020-10-06,12.828435897827148,0.002958489658930752
961,2020-10-07,12.714909553527832,-0.008849585811045335
962,2020-10-08,12.847356796264648,0.010416687761657606
963,2020-10-09,13.126441955566406,0.02172315782363121
964,2020-10-12,13.102790832519531,-0.0018017923765583088
965,2020-10-13,13.074408531188965,-0.0021661264148493675
966,2020-10-14,13.249427795410156,0.013386400142207933
967,2020-10-15,13.268348693847656,0.0014280540057778346
968,2020-10-16,13.296730041503906,0.0021390263634999407
969,2020-10-19,13.258889198303224,-0.0028458758719299704
970,2020-10-20,13.291999816894531,0.002497239255573769
971,2020-10-21,13.173744201660156,-0.00889675119345612
972,2020-10-22,12.913579940795898,-0.019748695350519374
973,2020-10-23,13.102790832519531,0.014652086608910597
974,2020-10-26,13.15482234954834,0.003971025539053263
975,2020-10-27,12.875737190246582,-0.021215425939320243
976,2020-10-28,12.861547470092772,-0.001102051086019351
977,2020-10-29,12.601384162902832,-0.02022799416593557
978,2020-10-30,12.639225006103516,0.003002911641411865
979,2020-11-02,12.790595054626465,0.011976212817625509
980,2020-11-03,12.672338485717772,-0.009245587746593453
981,2020-11-04,12.757481575012209,0.006718814320687327
982,2020-11-05,12.837896347045898,0.0063033422044047605
983,2020-11-06,12.686528205871582,-0.011790727786110122
984,2020-11-09,13.39606475830078,0.055928347055643535
985,2020-11-10,13.320382118225098,-0.00564961736459102
986,2020-11-11,13.556894302368164,0.017755660614230173
987,2020-11-12,13.476479530334473,-0.005931651471210775
988,2020-11-13,13.566354751586914,0.0066690429833800025
989,2020-11-16,13.594736099243164,0.0020920393264027837
990,2020-11-17,13.90693187713623,0.022964460333323222
991,2020-11-18,13.646769523620604,-0.01870738677762185
992,2020-11-19,13.372414588928224,-0.020104020531563127
993,2020-11-20,13.074408531188965,-0.022285134502634696
994,2020-11-23,12.785863876342772,-0.022069423190951287
995,2020-11-24,12.833165168762209,0.003699499140371598
996,2020-11-25,13.135902404785156,0.023590223615281847
997,2020-11-26,12.88992977142334,-0.01872521778726166
998,2020-11-27,13.008185386657717,0.009174263733891408
999,2020-11-30,12.989264488220217,-0.0014545378832705458
1000,2020-12-01,13.008185386657717,0.0014566566455445074
1001,2020-12-02,12.861547470092772,-0.011272741908748385
1002,2020-12-03,12.809514999389648,-0.004045584003333658
1003,2020-12-04,12.771673202514648,-0.0029541943529324266
1004,2020-12-07,12.918310165405272,0.011481421468077624
1005,2020-12-08,12.94669246673584,0.0021970599069973673
1006,2020-12-09,13.15482234954834,0.01607591153858423
1007,2020-12-10,13.150092124938965,-0.00035958103299948974
1008,2020-12-11,13.036566734313965,-0.00863304907269058
1009,2020-12-14,13.008185386657717,-0.0021770569072872004
1010,2020-12-15,12.776403427124023,-0.017818162383465785
1011,2020-12-16,12.833165168762209,0.004442701106140756
1012,2020-12-17,12.918310165405272,0.00663476200324431
1013,2020-12-18,12.828435897827148,-0.006957122597876841
1014,2020-12-21,12.610844612121582,-0.016961637992237377
1015,2020-12-22,12.766942024230955,0.01237802993459547
1016,2020-12-23,12.913579940795898,0.011485750956386598
1017,2020-12-24,12.904120445251465,-0.0007325230948971306
1018,2020-12-28,13.358223915100098,0.035190578991824095
1019,2020-12-29,13.571084976196287,0.01593483253829664
1020,2020-12-30,13.476479530334473,-0.006971104081048285
1021,2020-12-31,13.273078918457031,-0.015093007889753651
1022,2021-01-04,13.708261489868164,0.03278685933268921
1023,2021-01-05,14.20020866394043,0.0358869120227876
1024,2021-01-06,14.512404441833496,0.021985295095405588
1025,2021-01-07,14.588088989257812,0.005215162499616399
1026,2021-01-08,14.41779899597168,-0.011673221448781135
1027,2021-01-11,14.498213768005373,0.005577465191195952
1028,2021-01-12,14.630661010742188,0.009135417980185911
1029,2021-01-13,16.59371566772461,0.13417402368499265
1030,2021-01-14,16.177452087402344,-0.02508561606439441
1031,2021-01-15,15.713889122009276,-0.028654881058436388
1032,2021-01-18,14.625930786132812,-0.06923545962613675
1033,2021-01-19,14.190747261047363,-0.029754244803213314
1034,2021-01-20,14.110333442687988,-0.005666637343341718
1035,2021-01-21,14.261701583862305,0.010727467340805985
1036,2021-01-22,13.921123504638672,-0.023880606197020038
1037,2021-01-25,14.025188446044922,0.007475326353621803
1038,2021-01-26,13.873821258544922,-0.010792524327377984
1039,2021-01-27,13.646769523620604,-0.01636547932203436
1040,2021-01-28,13.56162452697754,-0.006239205292922212
1041,2021-01-29,13.235237121582031,-0.024066984360630372
1042,2021-02-01,13.339303016662598,0.007862790377277884
1043,2021-02-02,13.500131607055664,0.012056746157739218
1044,2021-02-03,13.362954139709473,-0.010161194819352515
1045,2021-02-04,13.405527114868164,0.003185895477421541
1046,2021-02-05,13.698801040649414,0.021877090193341164
1047,2021-02-08,13.594736099243164,-0.007596645947149039
1048,2021-02-09,13.774486541748049,0.013222061921076333
1049,2021-02-10,13.788676261901855,0.001030145124524262
1050,2021-02-11,13.708261489868164,-0.005831942857044026
1051,2021-02-12,13.665689468383787,-0.003105574074133477
1052,2021-02-15,13.930584907531738,0.019383979107735483
1053,2021-02-16,13.85962963104248,-0.00509348867691084
1054,2021-02-17,13.925853729248049,0.004778201147398686
1055,2021-02-18,13.840709686279297,-0.006114098612850283
1056,2021-02-19,14.238049507141112,0.028708052539799356
1057,2021-02-22,14.096141815185549,-0.009966792985541262
1058,2021-02-23,13.930584907531738,-0.011744838397940827
1059,2021-02-24,13.779215812683104,-0.01086595400361079
1060,2021-02-25,13.916393280029297,0.009955390002668318
1061,2021-02-26,13.665689468383787,-0.018014999044708047
1062,2021-03-01,13.575815200805664,-0.006576636165050553
1063,2021-03-02,13.467019081115724,-0.00801396587097647
1064,2021-03-03,13.490670204162598,0.0017562255540306548
1065,2021-03-04,13.556894302368164,0.004908881264114928
1066,2021-03-05,13.509592056274414,-0.0034891653677263657
1067,2021-03-08,13.537973403930664,0.0021008293616882057
1068,2021-03-09,13.618388175964355,0.005939941646682767
1069,2021-03-10,13.80286693572998,0.013546299120127836
1070,2021-03-11,13.528512954711914,-0.019876593920345353
1071,2021-03-12,13.81232738494873,0.02097898203497417
1072,2021-03-15,13.769755363464355,-0.003082175820040667
1073,2021-03-16,13.788676261901855,0.0013740911104132003
1074,2021-03-17,13.65149974822998,-0.009948490418249523
1075,2021-03-18,13.944774627685549,0.021482978783601725
1076,2021-03-19,13.968426704406738,0.0016961247028137727
1077,2021-03-22,13.81232738494873,-0.011175153992737163
1078,2021-03-23,13.954235076904297,0.010273988445292925
1079,2021-03-24,14.27589225769043,0.023050864415958383
1080,2021-03-25,14.450910568237305,0.012259710803896873
1081,2021-03-26,14.450910568237305,0.0
1082,2021-03-29,14.512404441833496,0.004255363238587329
1083,2021-03-30,14.517134666442873,0.0003259435490745588
1084,2021-03-31,14.611739158630373,0.0065167468898792436
1085,2021-04-01,14.42725944519043,-0.01262544529690568
1086,2021-04-06,14.37049674987793,-0.003934405943702868
1087,2021-04-07,14.474562644958496,0.007241635198271812
1088,2021-04-08,14.337385177612305,-0.00947714074068906
1089,2021-04-09,14.077221870422363,-0.018145798830611293
1090,2021-04-12,14.157636642456056,0.005712403539128275
1091,2021-04-13,14.096141815185549,-0.004343579993153379
1092,2021-04-14,14.148175239562988,0.0036913238430522632
1093,2021-04-15,14.186017036437988,0.002674676856502467
1094,2021-04-16,14.32319450378418,0.009669907134175926
1095,2021-04-19,14.540785789489746,0.015191533260829448
1096,2021-04-20,14.280622482299805,-0.017891970279762415
1097,2021-04-21,14.99962043762207,0.05034780215032164
1098,2021-04-22,14.966507911682127,-0.002207557589716802
1099,2021-04-23,14.909746170043944,-0.0037925842135745347
1100,2021-04-26,14.947587966918944,0.0025380577538622884
1101,2021-04-27,15.103686332702637,0.010443047141061257
1102,2021-04-28,15.094225883483888,-0.0006263669021161489
1103,2021-04-29,15.13206672668457,0.0025069747526493824
1104,2021-04-30,15.236132621765137,0.006877176591949086
1105,2021-05-03,15.302355766296388,0.004346453668738093
1106,2021-05-04,15.174639701843262,-0.008346170119402307
1107,2021-05-05,15.378039360046388,0.013403920106150435
1108,2021-05-06,15.661855697631836,0.018455950784131092
1109,2021-05-07,15.628743171691896,-0.002114214725203123
1110,2021-05-10,15.903098106384276,0.017554510409340862
1111,2021-05-11,15.666585922241213,-0.014872082317602953
1112,2021-05-12,15.974050521850586,0.019625501122926714
1113,2021-05-13,16.026084899902344,0.003257431668979738
1114,2021-05-14,16.130149841308594,0.006493472489147001
1115,2021-05-17,16.35247039794922,0.013782919491006407
1116,2021-05-18,16.3997745513916,0.0028927833098730815
1117,2021-05-19,16.3997745513916,0.0
1118,2021-05-20,16.376121520996094,-0.0014422777777455265
1119,2021-05-21,16.2105655670166,-0.010109594861471338
1120,2021-05-24,16.27678680419922,0.004085066428364259
1121,2021-05-25,16.10649871826172,-0.010462021035599456
1122,2021-05-26,15.936137199401855,-0.010577191346167969
1123,2021-05-27,16.15517234802246,0.013744557158357429
1124,2021-05-28,16.25739097595215,0.006327300367191757
1125,2021-05-31,16.276859283447266,0.001197505031644619
1126,2021-06-01,16.427751541137695,0.00927035462202963
1127,2021-06-02,16.42288589477539,-0.00029618456001845317
1128,2021-06-03,16.802549362182617,0.023117950757242323
1129,2021-06-04,16.865825653076172,0.0037658744235544717
1130,2021-06-07,16.914501190185547,0.0028860453149825993
1131,2021-06-08,16.953441619873047,0.002302192021488292
1132,2021-06-09,16.695463180541992,-0.015216877204959345
1133,2021-06-10,16.729536056518555,0.0020408464028882634
1134,2021-06-11,16.671127319335938,-0.0034913542721860535
1135,2021-06-14,16.73927116394043,0.0040875366913823985
1136,2021-06-15,16.64678955078125,-0.005524829143003673
1137,2021-06-16,16.427751541137695,-0.013157973132019052
1138,2021-06-17,16.554306030273438,0.0077037011923895005
1139,2021-06-18,16.408281326293945,-0.008820949891372831
1140,2021-06-21,16.612716674804688,0.012459278607268809
1141,2021-06-22,16.617584228515625,0.000293001668915549
1142,2021-06-23,16.500764846801758,-0.007029865479087238
1143,2021-06-24,16.622451782226562,0.007374623937410396
1144,2021-06-25,16.510498046875,-0.006735091598898069
1145,2021-06-28,16.281728744506836,-0.01385599039584784
1146,2021-06-29,16.06755828857422,-0.013154036607130881
1147,2021-06-30,16.145437240600586,0.004846968694785847
1148,2021-07-01,16.310932159423828,0.010250259336865408
1149,2021-07-02,16.442354202270508,0.008057298109154898
1150,2021-07-05,16.583511352539062,0.008584971989537893
1151,2021-07-06,16.622451782226562,0.0023481414074311147
1152,2021-07-07,16.64678955078125,0.0014641503475865125
1153,2021-07-08,15.858258247375488,-0.047368371000326315
1154,2021-07-09,15.916666984558104,0.0036831748021433075
1155,2021-07-12,15.848523139953612,-0.004281288580743947
1156,2021-07-13,15.86799144744873,0.0012283988434254045
1157,2021-07-14,15.77550983428955,-0.005828186476244168
1158,2021-07-15,15.717100143432615,-0.0037025548759113125
1159,2021-07-16,15.809581756591797,0.0058841397150366515
1160,2021-07-19,15.361773490905762,-0.02832511780391167
1161,2021-07-20,15.259556770324709,-0.0066539661349365176
1162,2021-07-21,15.293628692626951,0.0022328251609837757
1163,2021-07-22,15.347171783447266,0.0035010063273033243
1164,2021-07-23,15.522400856018066,0.01141767845198638
1165,2021-07-26,15.49806308746338,-0.0015679126431817902
1166,2021-07-27,15.44938850402832,-0.0031406881724744817
1167,2021-07-28,15.405580520629885,-0.002835580410643024
1168,2021-07-29,15.848523139953612,0.028752088811620835
1169,2021-07-30,15.244954109191896,-0.03808361356018952
1170,2021-08-02,15.63922119140625,0.02586213637577517
1171,2021-08-03,15.90693187713623,0.017117903919479538
1172,2021-08-04,15.833918571472168,-0.004590030700326819
1173,2021-08-05,15.843653678894045,0.0006148261643468267
1174,2021-08-06,15.945870399475098,0.006451587661072233
1175,2021-08-09,16.02861976623535,0.005189391653589448
1176,2021-08-10,16.12596893310547,0.0060734591181197395
1177,2021-08-11,16.525102615356445,0.024750989159577408
1178,2021-08-12,16.49589729309082,-0.0017673307661330018
1179,2021-08-13,16.544572830200195,0.002950766256877957
1180,2021-08-16,16.71980094909668,0.010591274896903036
1181,2021-08-17,16.77821159362793,0.003493501191137449
1182,2021-08-18,16.617584228515625,-0.009573568923955444
1183,2021-08-19,16.685728073120117,0.004100707038244389
1184,2021-08-20,16.831754684448242,0.008751587625556834
1185,2021-08-23,16.831754684448242,0.0
1186,2021-08-24,16.612716674804688,-0.013013379398045477
1187,2021-08-25,16.42288589477539,-0.011426835462570617
1188,2021-08-26,16.40341567993164,-0.0011855538039111657
1189,2021-08-27,16.452089309692383,0.0029672862476008977
1190,2021-08-30,16.461824417114258,0.000591724688495221
1191,2021-08-31,16.40341567993164,-0.0035481326797468515
1192,2021-09-01,15.502930641174316,-0.054896190910957654
1193,2021-09-02,15.463991165161133,-0.0025117493533618473
1194,2021-09-03,15.118399620056152,-0.022348146827939508
1195,2021-09-06,15.400712966918944,0.01867349415002062
1196,2021-09-07,15.220617294311523,-0.011693982804190206
1197,2021-09-08,15.308232307434082,0.005756337698294534
1198,2021-09-09,15.113532066345217,-0.012718662558727556
1199,2021-09-10,14.845820426940918,-0.01771337356675473
1200,2021-09-13,14.772809028625488,-0.004917976657115908
1201,2021-09-14,14.641386032104492,-0.008896276684165927
1202,2021-09-15,14.733868598937988,0.006316517208869943
1203,2021-09-16,14.480759620666504,-0.017178718309577512
1204,2021-09-17,14.3201322555542,-0.011092468166038927
1205,2021-09-20,14.261722564697266,-0.004078851355180713
1206,2021-09-21,14.393144607543944,0.009215018890634807
1207,2021-09-22,14.704663276672363,0.02164354473067287
1208,2021-09-23,14.95290470123291,0.016881816325189813
1209,2021-09-24,15.128134727478027,0.011718795093415446
1210,2021-09-27,15.14273738861084,0.0009652651431169001
1211,2021-09-28,15.556472778320312,0.027322364450475867
1212,2021-09-29,15.551606178283691,-0.0003128344134284422
1213,2021-09-30,15.133002281188965,-0.026917084466764996
1214,2021-10-01,14.948037147521973,-0.012222633039374653
1215,2021-10-04,15.191411018371582,0.016281326333869472
1216,2021-10-05,15.41044807434082,0.01441848000191337
1217,2021-10-06,15.556472778320312,0.009475694884085284
1218,2021-10-07,15.512665748596191,-0.0028160001530148637
1219,2021-10-08,15.605148315429688,0.005961745604031066
1220,2021-10-11,15.152471542358398,-0.029008168581371452
1221,2021-10-12,14.95290470123291,-0.0131705801636125
1222,2021-10-13,14.826350212097168,-0.008463538801615433
1223,2021-10-14,14.933435440063477,0.0072226290647670055
1224,2021-10-15,15.08432674407959,0.010104259306020102
1225,2021-10-18,14.826350212097168,-0.017102290102783302
1226,2021-10-19,14.602446556091309,-0.015101737973461038
1227,2021-10-20,14.62191677093506,0.0013333529260979304
1228,2021-10-21,14.870157241821287,0.016977286546977943
1229,2021-10-22,14.855555534362791,-0.000981947078369183
1230,2021-10-25,14.943170547485352,0.0058977944594462706
1231,2021-10-26,15.08432674407959,0.009446201269381449
1232,2021-10-27,15.108665466308594,0.0016135106751486994
1233,2021-10-28,15.118399620056152,0.0006442762115068668
1234,2021-10-29,15.240086555480955,0.008048929680584127
1235,2021-11-01,15.327701568603516,0.0057489839577749
1236,2021-11-02,15.09406280517578,-0.015242909211274691
1237,2021-11-03,15.09893035888672,0.0003224813473858834
1238,2021-11-04,14.95290470123291,-0.009671258439036712
1239,2021-11-05,15.021050453186035,0.004557358808520151
1240,2021-11-08,14.948037147521973,-0.004860732336371076
1241,2021-11-09,15.376376152038574,0.028655200698883165
1242,2021-11-10,15.916666984558104,0.035137722124981785
1243,2021-11-11,15.970210075378418,0.0033639637539857326
1244,2021-11-12,15.692763328552246,-0.01737276751630945
1245,2021-11-15,15.819316864013672,0.008064451926778737
1246,2021-11-16,15.502930641174316,-0.019999992765748376
1247,2021-11-17,15.619750022888184,0.007535309575829929
1248,2021-11-18,15.38611125946045,-0.014957906694113232
1249,2021-11-19,15.44938850402832,0.00411262101910026
1250,2021-11-22,15.644087791442873,0.012602394416050045
1251,2021-11-23,15.614883422851562,-0.0018667990732758044
1252,2021-11-24,15.371508598327637,-0.015586080147595549
1253,2021-11-25,15.269291877746582,-0.006649752034889711
1254,2021-11-26,15.064857482910156,-0.013388596961354082
1255,2021-11-29,14.76794147491455,-0.019709181340243798
1256,2021-11-30,14.232518196105955,-0.03625578281970365
1257,2021-12-01,14.407747268676758,0.012311881155278925
1258,2021-12-02,14.256855964660645,-0.010472928293527195
1259,2021-12-03,14.251988410949709,-0.0003414184531990161
1260,2021-12-06,14.806880950927734,0.03893439455449643
1261,2021-12-07,14.733868598937988,-0.004930974472727945
1262,2021-12-08,14.539169311523438,-0.0132144036786499
1263,2021-12-09,14.743603706359863,0.014060940515659093
1264,2021-12-10,15.167074203491213,0.028722319560765097
1265,2021-12-13,15.541871070861816,0.02471121736084947
1266,2021-12-14,15.63922119140625,0.006263732346033057
1267,2021-12-15,14.802013397216797,-0.053532575819664086
1268,2021-12-16,14.845820426940918,0.002959531825066364
1269,2021-12-17,15.176809310913086,0.02229508874912156
1270,2021-12-20,15.210882186889648,0.0022450618755591734
1271,2021-12-21,15.342304229736328,0.008640001364283334
1272,2021-12-22,15.206014633178713,-0.008883254726070433
1273,2021-12-23,15.29849624633789,0.006081910046133121
1274,2021-12-24,15.230352401733398,-0.004454283839877671
1275,2021-12-27,15.327701568603516,0.0063917868938501154
1276,2021-12-28,15.49319553375244,0.010797050321485369
1277,2021-12-29,15.53213596343994,0.0025133891586579526
1278,2021-12-30,15.59054470062256,0.0037605090066237246
1279,2021-12-31,15.678159713745115,0.00561975317764607
1280,2022-01-03,15.692763328552246,0.0009314623064036187
1281,2022-01-04,15.979945182800291,0.018300273077178852
1282,2022-01-05,16.792814254760742,0.05086807637083557
1283,2022-01-06,17.849056243896484,0.06289845008178419
1284,2022-01-07,17.868526458740234,0.0010908260121824664
1285,2022-01-10,17.201683044433594,-0.03731944074103888
1286,2022-01-11,17.381778717041016,0.010469654169433129
1287,2022-01-12,17.381778717041016,0.0
1288,2022-01-13,17.201683044433594,-0.010361176237438596
1289,2022-01-14,17.196815490722656,-0.0002829696197961251
1290,2022-01-17,17.386646270751953,0.011038717030586565
1291,2022-01-18,17.157875061035156,-0.01315786875480629
1292,2022-01-19,17.006982803344727,-0.00879434412208191
1293,2022-01-20,17.03618812561035,0.0017172547654884518
1294,2022-01-21,17.09459686279297,0.0034285097553490296
1295,2022-01-24,16.933971405029297,-0.009396270590813383
1296,2022-01-25,17.0167179107666,0.004886420542361991
1297,2022-01-26,17.03618812561035,0.0011441815599135818
1298,2022-01-27,17.352575302124023,0.018571477033530126
1299,2022-01-28,17.396381378173828,0.0025244711685212806
1300,2022-01-31,16.471559524536133,-0.0531617371183879
1301,2022-02-01,16.744138717651367,0.01654847512824742
1302,2022-02-02,16.5494384765625,-0.011627963932454577
1303,2022-02-03,16.466693878173828,-0.004999843257875836
1304,2022-02-04,16.32553482055664,-0.008572398239836687
1305,2022-02-07,16.466693878173828,0.008646519649662121
1306,2022-02-08,16.573776245117188,0.006502967003309212
1307,2022-02-09,16.617584228515625,0.002643210741507529
1308,2022-02-10,16.695463180541992,0.004686538726413003
1309,2022-02-11,16.685728073120117,-0.0005830989722538371
1310,2022-02-14,16.749006271362305,0.003792354637741413
1311,2022-02-15,16.836620330810547,0.0052310004563103085
1312,2022-02-16,16.729536056518555,-0.006360200098830426
1313,2022-02-17,17.537538528442383,0.048297960516902494
1314,2022-02-18,17.698165893554688,0.009159059856193474
1315,2022-02-21,17.367176055908203,-0.018701928755624597
1316,2022-02-22,17.48399543762207,0.006726446564358168
1317,2022-02-23,17.595949172973633,0.006403212340736486
1318,2022-02-24,17.172475814819336,-0.024066525425336383
1319,2022-02-25,17.464527130126953,0.01700694288097848
1320,2022-02-28,17.425586700439453,-0.0022296870334568286
1321,2022-03-01,17.16274070739746,-0.01508391066312642
1322,2022-03-02,17.177345275878906,0.0008509461705699106
1323,2022-03-03,17.26495933532715,0.00510055879072735
1324,2022-03-04,16.96317481994629,-0.017479596071990455
1325,2022-03-07,16.53483772277832,-0.025250998219054188
1326,2022-03-08,16.666259765625,0.007948190665677535
1327,2022-03-09,17.104331970214844,0.026284973998388583
1328,2022-03-10,17.27956199645996,0.010244774630792985
1329,2022-03-11,17.449922561645508,0.009859078906076846
1330,2022-03-14,17.756574630737305,0.017573262460534478
1331,2022-03-15,17.844188690185547,0.004934175721964973
1332,2022-03-16,17.61541748046875,-0.012820488153805654
1333,2022-03-17,17.595949172973633,-0.0011051856997827958
1334,2022-03-18,17.741973876953125,0.00829876823034792
1335,2022-03-21,17.873395919799805,0.0074074082037398625
1336,2022-03-22,18.05835723876953,0.010348415029783453
1337,2022-03-23,18.27739524841309,0.01212945378958974
1338,2022-03-24,18.28713035583496,0.000532631006199713
1339,2022-03-25,18.49643325805664,0.011445366120819367
1340,2022-03-28,18.54997444152832,0.0028946761099661877
1341,2022-03-29,18.744672775268555,0.010495881509376082
1342,2022-03-30,19.01725196838379,0.014541688531094055
1343,2022-03-31,19.12433815002441,0.005631001882850928
1344,2022-04-01,18.837156295776367,-0.015016564337818727
1345,2022-04-04,18.788480758666992,-0.0025840172659336025
1346,2022-04-05,18.46236038208008,-0.01735746390439119
1347,2022-04-06,18.880964279174805,0.022673368325158982
1348,2022-04-07,19.250890731811523,0.019592561437380418
1349,2022-04-08,19.63542366027832,0.019974812273562348
1350,2022-04-11,19.86906242370605,0.01189883994712937
1351,2022-04-12,19.547807693481445,-0.01616859031261142
1352,2022-04-13,19.60621833801269,0.0029880918334757034
1353,2022-04-14,19.65489387512207,0.0024826581174506313
1354,2022-04-19,20.054027557373047,0.020307089154837588
1355,2022-04-20,19.830123901367188,-0.01116502185734447
1356,2022-04-21,19.24602508544922,-0.029455126898006778
1357,2022-04-22,19.119468688964844,-0.0065757160724090324
1358,2022-04-25,19.27522850036621,0.008146660031994823
1359,2022-04-26,19.51860237121582,0.012626250881798029
1360,2022-04-27,19.29956817626953,-0.011221817565652104
1361,2022-04-28,19.37257957458496,0.0037830586492191287
1362,2022-04-29,19.625688552856445,0.01306532138877059
1363,2022-05-02,19.849592208862305,0.01140870321073506
1364,2022-05-03,20.28766632080078,0.0220696781741887
1365,2022-05-04,19.927471160888672,-0.01775439097905529
1366,2022-05-05,20.015087127685547,0.004396742872665005
1367,2022-05-06,20.04429244995117,0.00145916538255908
1368,2022-05-09,20.054027557373047,0.0004856797737404772
1369,2022-05-10,20.12217140197754,0.0033980129133430736
1370,2022-05-11,19.937206268310547,-0.009192106059131122
1371,2022-05-12,20.04429244995117,0.005371172881469821
1372,2022-05-13,20.472631454467773,0.021369624574483215
1373,2022-05-16,20.60891914367676,0.0066570674860289
1374,2022-05-17,20.472631454467773,-0.0066130440057941
1375,2022-05-18,19.567277908325195,-0.04422262707928548
1376,2022-05-19,18.94424057006836,-0.03184077730054391
1377,2022-05-20,18.598648071289062,-0.01824261561190943
1378,2022-05-23,18.84689140319824,0.013347385839962866
1379,2022-05-24,18.6424560546875,-0.010847165409784587
1380,2022-05-25,18.65219116210937,0.0005222009049297149
1381,2022-05-26,18.769012451171875,0.006263140241657972
1382,2022-05-27,18.598648071289062,-0.009076896311194904
1383,2022-05-30,18.545106887817383,-0.0028787674924787288
1384,2022-05-31,18.525638580322266,-0.0010497813581169524
1385,2022-06-01,18.78361320495605,0.013925275693751349
1386,2022-06-02,19.09513282775879,0.016584648512701694
1387,2022-06-03,19.177881240844727,0.004333481931356076
1388,2022-06-06,19.100000381469727,-0.0040609730760627905
1389,2022-06-07,19.145000457763672,0.0023560248898006897
1390,2022-06-08,18.899999618530277,-0.012797118483956038
1391,2022-06-09,18.645000457763672,-0.013492019360497487
1392,2022-06-10,18.34000015258789,-0.016358288961520584
1393,2022-06-13,18.479999542236328,0.00763355444294711
1394,2022-06-14,18.76499938964844,0.015422070047174108
1395,2022-06-15,18.709999084472656,-0.002931004900864842
1396,2022-06-16,18.63999938964844,-0.0037412986771500067
1397,2022-06-17,18.28499984741211,-0.019045040443160022
1398,2022-06-20,18.625,0.01859448484687909
1399,2022-06-21,18.290000915527344,-0.01798652802537748
1400,2022-06-22,16.979999542236328,-0.07162390966196652
1401,2022-06-23,16.5,-0.02826852503984878
1402,2022-06-24,17.075000762939453,0.03484853108723951
1403,2022-06-27,17.09000015258789,0.0008784415214195818
1404,2022-06-28,17.2549991607666,0.009654710749299023
1405,2022-06-29,17.094999313354492,-0.009272666194960366
1406,2022-06-30,16.885000228881836,-0.012284240591259099
1407,2022-07-01,16.940000534057617,0.003257347019854029
1408,2022-07-04,17.149999618530273,0.01239663977875649
1409,2022-07-05,16.59000015258789,-0.0326530308104096
1410,2022-07-06,16.780000686645508,0.01145271442495921
1411,2022-07-07,16.7549991607666,-0.0014899597649482565
1412,2022-07-08,17.170000076293945,0.02476878163617613
1413,2022-07-11,16.959999084472656,-0.0122306925386233
1414,2022-07-12,16.989999771118164,0.001768908506190492
1415,2022-07-13,16.709999084472656,-0.016480323155830146
1416,2022-07-14,16.389999389648438,-0.019150192241576547
1417,2022-07-15,16.40999984741211,0.0012202842287050153
1418,2022-07-18,16.834999084472656,0.025898795917878692
1419,2022-07-19,16.989999771118164,0.00920705049449455
1420,2022-07-20,17.104999542236328,0.0067686740828363234
1421,2022-07-21,17.010000228881836,-0.005553891604610506
1422,2022-07-22,16.860000610351562,-0.008818319606814784
1423,2022-07-25,16.969999313354492,0.0065242407485675
1424,2022-07-26,16.854999542236328,-0.0067766514891762775
1425,2022-07-27,17.190000534057617,0.01987546727496614
1426,2022-07-28,16.770000457763672,-0.024432813452321955
1427,2022-07-29,16.639999389648438,-0.0077520014649165025
1428,2022-08-01,16.219999313354492,-0.0252403901261693
1429,2022-08-02,16.459999084472656,0.01479653398755465
1430,2022-08-03,16.46500015258789,0.00030383161563785066
1431,2022-08-04,16.229999542236328,-0.014272736603323177
1432,2022-08-05,16.479999542236328,0.01540357406353654
1433,2022-08-08,16.55500030517578,0.004551017295069348
1434,2022-08-09,16.639999389648438,0.005134345086425851
1435,2022-08-10,16.905000686645508,0.015925559297912173
1436,2022-08-11,17.114999771118164,0.012422305586686555
1437,2022-08-12,17.0,-0.006719238834710817
1438,2022-08-15,17.165000915527344,0.009705936207490717
1439,2022-08-16,17.295000076293945,0.007573501534101634
1440,2022-08-17,17.295000076293945,0.0
1441,2022-08-18,17.375,0.004625609907669803
1442,2022-08-19,17.405000686645508,0.0017266582242019268
1443,2022-08-22,17.25,-0.008905526028760047
1444,2022-08-23,17.079999923706055,-0.009855076886605474
1445,2022-08-24,16.954999923706055,-0.007318501203650851
1446,2022-08-25,17.05500030517578,0.005897987727496723
1447,2022-08-26,16.899999618530273,-0.009088284014774795
1448,2022-08-29,16.915000915527344,0.0008876507299220293
1449,2022-08-30,16.459999084472656,-0.026899308686233248
1450,2022-08-31,16.639999389648438,0.010935620606782548
1451,2022-09-01,16.53499984741211,-0.006310068875462038
1452,2022-09-02,16.55500030517578,0.0012095831840484017
1453,2022-09-05,16.360000610351562,-0.01177890010447502
1454,2022-09-06,16.395000457763672,0.0021393548964760978
1455,2022-09-07,16.139999389648438,-0.015553587129940039
1456,2022-09-08,16.239999771118164,0.006195810734284324
1457,2022-09-09,16.514999389648438,0.016933474286086048
1458,2022-09-12,16.875,0.021798402885634394
1459,2022-09-13,16.915000915527344,0.0023704246238425153
1460,2022-09-14,16.655000686645508,-0.015370985208943422
1461,2022-09-15,16.299999237060547,-0.021315006601567488
1462,2022-09-16,16.405000686645508,0.006441807024519575
1463,2022-09-19,16.309999465942383,-0.00579099157127505
1464,2022-09-20,15.960000038146973,-0.021459193087422168
1465,2022-09-21,15.585000038146973,-0.023496240545343938
1466,2022-09-22,15.579999923706056,-0.0003208286447660136
1467,2022-09-23,14.8100004196167,-0.04942230474069187
1468,2022-09-26,14.625,-0.012491587736328191
1469,2022-09-27,14.829999923706056,0.01401708880041408
1470,2022-09-28,14.84000015258789,0.0006743242706190866
1471,2022-09-29,14.015000343322754,-0.05559297848937472
1472,2022-09-30,14.21500015258789,0.014270410586213256
1473,2022-10-03,14.399999618530272,0.013014383676154928
1474,2022-10-04,14.539999961853027,0.009722246321631767
1475,2022-10-05,14.050000190734863,-0.03370012189846783
1476,2022-10-06,14.125,0.005338064643913398
1477,2022-10-07,14.399999618530272,0.019468999541966125
1478,2022-10-10,14.53499984741211,0.00937501614292513
1479,2022-10-11,14.78499984741211,0.017199862581664283
1480,2022-10-12,14.46500015258789,-0.021643537242256317
1481,2022-10-13,14.6850004196167,0.015209143775186895
1482,2022-10-14,14.84000015258789,0.010554969597694974
1483,2022-10-17,15.119999885559082,0.01886790634044333
1484,2022-10-18,15.164999961853027,0.002976195544612592
1485,2022-10-19,15.255000114440918,0.0059347281776644945
1486,2022-10-20,15.18000030517578,-0.004916408305637554
1487,2022-10-21,15.210000038146973,0.0019762669544192146
1488,2022-10-24,15.395000457763672,0.01216307818229545
1489,2022-10-25,15.539999961853027,0.009418609923862231
1490,2022-10-26,15.390000343322754,-0.009652485128602728
1491,2022-10-27,15.835000038146973,0.028914859317549668
1492,2022-10-28,16.1200008392334,0.01799815600883181
1493,2022-10-31,16.28499984741211,0.010235669949664628
1494,2022-11-01,16.190000534057617,-0.00583354708287509
1495,2022-11-02,16.354999542236328,0.010191414622353845
1496,2022-11-03,16.290000915527344,-0.003974235923463465
1497,2022-11-04,16.420000076293945,0.00798030407982897
1498,2022-11-07,16.565000534057617,0.008830722112664002
1499,2022-11-08,16.274999618530273,-0.017506846132066323
1500,2022-11-09,16.514999389648438,0.014746530061045648
1501,2022-11-10,16.364999771118164,-0.009082629371714779
1502,2022-11-11,16.114999771118164,-0.015276504949374603
1503,2022-11-14,16.424999237060547,0.019236703093100438
1504,2022-11-15,16.4950008392334,0.004261893785352688
1505,2022-11-16,16.209999084472656,-0.017278068521395018
1506,2022-11-17,16.1299991607666,-0.004935220741788093
1507,2022-11-18,16.25,0.007439606043209146
1508,2022-11-21,16.270000457763672,0.0012307974008414213
1509,2022-11-22,16.325000762939453,0.003380473486682467
1510,2022-11-23,16.405000686645508,0.004900454515608166
1511,2022-11-24,16.56999969482422,0.01005784829457701
1512,2022-11-25,16.545000076293945,-0.0015087277604526328
1513,2022-11-28,16.524999618530273,-0.0012088520804740543
1514,2022-11-29,16.510000228881836,-0.0009076786683624993
1515,2022-11-30,16.424999237060547,-0.005148454914772893
1516,2022-12-01,16.645000457763672,0.013394291075930376
1517,2022-12-02,16.7450008392334,0.006007832905951194
1518,2022-12-05,16.6200008392334,-0.007464914525840194
1519,2022-12-06,16.8700008392334,0.015042117170646963
1520,2022-12-07,16.65999984741211,-0.012448190952836446
1521,2022-12-08,16.545000076293945,-0.006902747429258116
1522,2022-12-09,16.524999618530273,-0.0012088520804740543
1523,2022-12-12,16.209999084472656,-0.019062059989665148
1524,2022-12-13,16.219999313354492,0.0006169173008414575
1525,2022-12-14,15.604999542236328,-0.037916140391683784
1526,2022-12-15,15.8149995803833,0.013457228087613071
1527,2022-12-16,15.574999809265137,-0.01517545225962924
1528,2022-12-19,15.729999542236328,0.009951828884067648
1529,2022-12-20,15.729999542236328,0.0
1530,2022-12-21,15.914999961853027,0.011760993324885893
1531,2022-12-22,15.904999732971191,-0.0006283524288913656
1532,2022-12-23,16.045000076293945,0.008802285172789581
1533,2022-12-27,15.904999732971191,-0.008725481000751212
1534,2022-12-28,15.71500015258789,-0.011945902771028027
1535,2022-12-29,15.824999809265137,0.006999659917860779
1536,2022-12-30,15.640000343322754,-0.011690329742315098
1537,2023-01-02,15.75,0.007033225975868307
1538,2023-01-03,15.875,0.007936507936507908
1539,2023-01-04,16.06999969482422,0.01228344534325787
1540,2023-01-05,15.725000381469728,-0.02146853266373161
1541,2023-01-06,16.014999389648438,0.01844190786287303
1542,2023-01-09,16.719999313354492,0.04402122701058264
1543,2023-01-10,16.825000762939453,0.006279991261787687
1544,2023-01-11,16.780000686645508,-0.0026745957951495036
1545,2023-01-12,16.7549991607666,-0.0014899597649482565
1546,2023-01-13,16.565000534057617,-0.011339817142688058
1547,2023-01-16,17.325000762939453,0.04587987952788031
1548,2023-01-17,17.485000610351562,0.009235200021137757
1549,2023-01-18,17.395000457763672,-0.00514727763490086
1550,2023-01-19,17.045000076293945,-0.020120745746431745
1551,2023-01-20,17.344999313354492,0.017600424506760914
1552,2023-01-23,17.34000015258789,-0.0002882191389164124
1553,2023-01-24,17.204999923706055,-0.007785480259161814
1554,2023-01-25,17.270000457763672,0.003778002577498274
1555,2023-01-26,17.344999313354492,0.004342724586154034
1556,2023-01-27,17.514999389648438,0.00980110020316105
1557,2023-01-30,17.540000915527344,0.001427435155589185
1558,2023-01-31,17.469999313354492,-0.0039909691287919324
1559,2023-02-01,17.434999465942383,-0.002003425803534742
1560,2023-02-02,17.549999237060547,0.006595914805894054
1561,2023-02-03,17.459999084472656,-0.00512821404560726
1562,2023-02-06,17.475000381469727,0.0008591808581714933
1563,2023-02-07,16.604999542236328,-0.04978545466333362
1564,2023-02-08,16.565000534057617,-0.0024088533141460866
1565,2023-02-09,16.665000915527344,0.006036847464274242
1566,2023-02-10,16.295000076293945,-0.02220226936133296
1567,2023-02-13,16.094999313354492,-0.012273750353055557
1568,2023-02-14,16.420000076293945,0.020192654663227616
